Date,Time,Area_Name,Road_Type,Weather_Condition,Surface_Condition,Traffic_Density,Accident_Severity
2023-01-01,22:00,Najafgarh-Dhansa Road,Rural,Stormy,Wet,Medium,9
2023-01-01,14:00,Lajpat Nagar Market Rd,City,Rain,Wet,Low,4
2023-01-01,13:00,Chandni Chowk Main Road,City,Fog,Damp,Low,7
2023-01-01,22:00,Lajpat Nagar Market Rd,City,Stormy,Wet,Low,6
2023-01-01,13:00,Outer Ring Road (Nehru Place),Highway,Fog,Damp,Low,9
2023-01-01,15:00,Chandni Chowk Main Road,City,Stormy,Wet,Low,5
2023-01-01,15:00,DND Flyway,Highway,Stormy,Wet,Low,7
2023-01-01,15:00,Hauz Khas Village Rd,City,Stormy,Wet,Medium,8
2023-01-01,09:00,Lajpat Nagar Market Rd,City,Fog,Damp,High,5
2023-01-01,23:00,Chandni Chowk Main Road,City,Fog,Damp,Medium,4
2023-01-01,12:00,Chandni Chowk Main Road,City,Rain,Wet,High,4
2023-01-01,09:00,DND Flyway,Highway,Fog,Damp,High,10
2023-01-01,07:00,Outer Ring Road (Nehru Place),Highway,Clear,Dry,Medium,4
2023-01-01,03:00,Najafgarh-Dhansa Road,Rural,Fog,Damp,High,10
2023-01-01,19:00,Chhatarpur Farm Road,Rural,Clear,Dry,Medium,1
2023-01-01,16:00,DND Flyway,Highway,Stormy,Wet,Low,7
2023-01-01,04:00,DND Flyway,Highway,Rain,Wet,Low,5
2023-01-01,17:00,Lajpat Nagar Market Rd,City,Fog,Damp,Medium,5
2023-01-02,09:00,Chhatarpur Farm Road,Rural,Stormy,Wet,Medium,10
2023-01-02,23:00,Hauz Khas Village Rd,City,Stormy,Wet,Low,5
2023-01-02,15:00,Delhi-Gurgaon Expressway,Highway,Stormy,Wet,Medium,10
2023-01-02,04:00,Lajpat Nagar Market Rd,City,Fog,Damp,Low,5
2023-01-02,19:00,Noida-Greater Noida Expressway,Highway,Fog,Damp,Medium,8
2023-01-02,15:00,Chandni Chowk Main Road,City,Stormy,Wet,Low,7
2023-01-02,13:00,Lajpat Nagar Market Rd,City,Fog,Damp,High,8
2023-01-02,13:00,Najafgarh-Dhansa Road,Rural,Fog,Damp,High,10
2023-01-02,22:00,Chhatarpur Farm Road,Rural,Clear,Dry,Low,2
2023-01-02,10:00,Lajpat Nagar Market Rd,City,Clear,Dry,High,4
2023-01-02,07:00,Chhatarpur Farm Road,Rural,Fog,Damp,Low,9
2023-01-02,10:00,Connaught Place Outer Circle,City,Fog,Damp,Low,6
2023-01-02,23:00,Najafgarh-Dhansa Road,Rural,Clear,Dry,Medium,1
2023-01-02,19:00,Hauz Khas Village Rd,City,Clear,Dry,Medium,1
2023-01-02,09:00,Najafgarh-Dhansa Road,Rural,Clear,Dry,Low,1
2023-01-02,14:00,Outer Ring Road (Nehru Place),Highway,Stormy,Wet,Medium,10
2023-01-02,15:00,Connaught Place Outer Circle,City,Fog,Damp,High,7
2023-01-02,18:00,Outer Ring Road (Nehru Place),Highway,Rain,Wet,High,9
2023-01-02,06:00,Outer Ring Road (Nehru Place),Highway,Stormy,Wet,Medium,7
2023-01-02,19:00,Najafgarh-Dhansa Road,Rural,Rain,Wet,High,4
2023-01-03,13:00,Chandni Chowk Main Road,City,Clear,Dry,Medium,2
2023-01-03,08:00,Chhatarpur Farm Road,Rural,Rain,Wet,Medium,3
2023-01-03,22:00,DND Flyway,Highway,Stormy,Wet,High,9
2023-01-03,15:00,Noida-Greater Noida Expressway,Highway,Stormy,Wet,Medium,8
2023-01-03,22:00,DND Flyway,Highway,Stormy,Wet,Low,10
2023-01-03,08:00,Najafgarh-Dhansa Road,Rural,Rain,Wet,Low,4
2023-01-03,23:00,DND Flyway,Highway,Stormy,Wet,Medium,7
2023-01-03,13:00,Lajpat Nagar Market Rd,City,Stormy,Wet,High,7
2023-01-03,11:00,Connaught Place Outer Circle,City,Clear,Dry,Low,2
2023-01-03,06:00,Delhi-Gurgaon Expressway,Highway,Stormy,Wet,Medium,7
2023-01-03,19:00,Hauz Khas Village Rd,City,Rain,Wet,High,6
2023-01-03,19:00,Delhi-Gurgaon Expressway,Highway,Clear,Dry,Low,2
2023-01-03,20:00,DND Flyway,Highway,Fog,Damp,High,8
2023-01-03,16:00,Najafgarh-Dhansa Road,Rural,Fog,Damp,Low,9
2023-01-03,17:00,Najafgarh-Dhansa Road,Rural,Stormy,Wet,High,10
2023-01-03,21:00,Delhi-Gurgaon Expressway,Highway,Rain,Wet,High,9
2023-01-03,17:00,Outer Ring Road (Nehru Place),Highway,Stormy,Wet,Medium,7
2023-01-03,08:00,Bawana Industrial Area,Rural,Stormy,Wet,Medium,10
2023-01-03,03:00,Connaught Place Outer Circle,City,Stormy,Wet,Medium,7
2023-01-04,21:00,Chhatarpur Farm Road,Rural,Rain,Wet,High,5
2023-01-04,12:00,Bawana Industrial Area,Rural,Clear,Dry,Low,1
2023-01-04,03:00,Bawana Industrial Area,Rural,Rain,Wet,Low,4
2023-01-04,16:00,Bawana Industrial Area,Rural,Clear,Dry,High,2
2023-01-04,09:00,Delhi-Gurgaon Expressway,Highway,Rain,Wet,Low,6
2023-01-04,11:00,Outer Ring Road (Nehru Place),Highway,Stormy,Wet,High,10
2023-01-04,12:00,Connaught Place Outer Circle,City,Rain,Wet,Medium,3
2023-01-04,09:00,Outer Ring Road (Nehru Place),Highway,Fog,Damp,High,7
2023-01-04,18:00,Noida-Greater Noida Expressway,Highway,Clear,Dry,Medium,2
2023-01-04,05:00,Chandni Chowk Main Road,City,Stormy,Wet,Low,7
2023-01-04,08:00,Najafgarh-Dhansa Road,Rural,Clear,Dry,Low,2
2023-01-04,21:00,Delhi-Gurgaon Expressway,Highway,Rain,Wet,Low,5
2023-01-04,04:00,Bawana Industrial Area,Rural,Clear,Dry,Medium,1
2023-01-04,01:00,Lajpat Nagar Market Rd,City,Clear,Dry,Medium,2
2023-01-04,12:00,Bawana Industrial Area,Rural,Fog,Damp,High,8
2023-01-04,17:00,Chhatarpur Farm Road,Rural,Rain,Wet,Medium,5
2023-01-04,10:00,DND Flyway,Highway,Stormy,Wet,High,10
2023-01-04,23:00,Lajpat Nagar Market Rd,City,Rain,Wet,High,6
2023-01-04,22:00,Outer Ring Road (Nehru Place),Highway,Rain,Wet,High,8
2023-01-04,21:00,Delhi-Gurgaon Expressway,Highway,Fog,Damp,Medium,7
2023-01-04,16:00,Outer Ring Road (Nehru Place),Highway,Fog,Damp,Medium,9
2023-01-05,02:00,DND Flyway,Highway,Clear,Dry,Medium,5
2023-01-05,07:00,Connaught Place Outer Circle,City,Rain,Wet,Low,5
2023-01-05,20:00,Connaught Place Outer Circle,City,Fog,Damp,Medium,7
2023-01-05,15:00,Bawana Industrial Area,Rural,Fog,Damp,High,10
2023-01-05,08:00,Hauz Khas Village Rd,City,Clear,Dry,Medium,2
2023-01-05,22:00,Hauz Khas Village Rd,City,Clear,Dry,Low,1
2023-01-05,08:00,Hauz Khas Village Rd,City,Stormy,Wet,Medium,7
2023-01-05,05:00,Chhatarpur Farm Road,Rural,Fog,Damp,Low,7
2023-01-05,15:00,Hauz Khas Village Rd,City,Stormy,Wet,Medium,8
2023-01-05,05:00,Connaught Place Outer Circle,City,Rain,Wet,High,5
2023-01-05,10:00,Outer Ring Road (Nehru Place),Highway,Rain,Wet,Medium,7
2023-01-05,11:00,Bawana Industrial Area,Rural,Rain,Wet,Medium,3
2023-01-05,15:00,Chhatarpur Farm Road,Rural,Fog,Damp,Medium,7
2023-01-05,13:00,Chhatarpur Farm Road,Rural,Stormy,Wet,Low,10
2023-01-05,08:00,Chhatarpur Farm Road,Rural,Rain,Wet,Low,3
2023-01-05,05:00,Bawana Industrial Area,Rural,Stormy,Wet,Low,9
2023-01-05,06:00,Hauz Khas Village Rd,City,Clear,Dry,Medium,2
2023-01-05,09:00,Bawana Industrial Area,Rural,Fog,Damp,Medium,10
2023-01-06,02:00,Chhatarpur Farm Road,Rural,Clear,Dry,Low,1
2023-01-06,17:00,Lajpat Nagar Market Rd,City,Fog,Damp,High,7
2023-01-06,17:00,Hauz Khas Village Rd,City,Clear,Dry,Low,2
2023-01-06,12:00,Hauz Khas Village Rd,City,Rain,Wet,Medium,5
2023-01-06,19:00,Najafgarh-Dhansa Road,Rural,Fog,Damp,High,10
2023-01-06,10:00,Hauz Khas Village Rd,City,Rain,Wet,Medium,5
2023-01-06,21:00,DND Flyway,Highway,Rain,Wet,Low,5
2023-01-06,15:00,Chandni Chowk Main Road,City,Stormy,Wet,Low,8
2023-01-06,18:00,Najafgarh-Dhansa Road,Rural,Stormy,Wet,High,10
2023-01-06,15:00,Chandni Chowk Main Road,City,Fog,Damp,High,8
2023-01-06,06:00,Delhi-Gurgaon Expressway,Highway,Stormy,Wet,High,10
2023-01-06,02:00,DND Flyway,Highway,Rain,Wet,Low,8
2023-01-06,07:00,Bawana Industrial Area,Rural,Rain,Wet,Low,3
2023-01-06,07:00,Chandni Chowk Main Road,City,Rain,Wet,High,4
2023-01-06,23:00,Connaught Place Outer Circle,City,Stormy,Wet,Low,6
2023-01-06,03:00,Hauz Khas Village Rd,City,Clear,Dry,High,3
2023-01-06,11:00,DND Flyway,Highway,Fog,Damp,High,9
2023-01-06,20:00,Delhi-Gurgaon Expressway,Highway,Clear,Dry,Medium,2
2023-01-07,05:00,Delhi-Gurgaon Expressway,Highway,Rain,Wet,Medium,6
2023-01-07,02:00,Najafgarh-Dhansa Road,Rural,Clear,Dry,High,2
2023-01-07,08:00,Najafgarh-Dhansa Road,Rural,Stormy,Wet,High,10
2023-01-07,20:00,DND Flyway,Highway,Stormy,Wet,High,9
2023-01-07,15:00,Connaught Place Outer Circle,City,Clear,Dry,High,2
2023-01-07,11:00,Connaught Place Outer Circle,City,Rain,Wet,High,5
2023-01-07,18:00,Hauz Khas Village Rd,City,Clear,Dry,Low,3
2023-01-07,21:00,Noida-Greater Noida Expressway,Highway,Rain,Wet,Low,6
2023-01-07,19:00,Bawana Industrial Area,Rural,Clear,Dry,Low,1
2023-01-07,05:00,Bawana Industrial Area,Rural,Rain,Wet,Low,3
2023-01-07,00:00,DND Flyway,Highway,Fog,Damp,Low,8
2023-01-07,05:00,Lajpat Nagar Market Rd,City,Fog,Damp,Low,7
2023-01-07,02:00,Hauz Khas Village Rd,City,Clear,Dry,Medium,1
2023-01-07,02:00,Najafgarh-Dhansa Road,Rural,Clear,Dry,Medium,3
2023-01-07,08:00,Connaught Place Outer Circle,City,Stormy,Wet,Low,5
2023-01-07,19:00,Connaught Place Outer Circle,City,Fog,Damp,High,8
2023-01-07,00:00,Noida-Greater Noida Expressway,Highway,Rain,Wet,Medium,5
2023-01-07,17:00,Lajpat Nagar Market Rd,City,Stormy,Wet,Medium,6
2023-01-07,01:00,DND Flyway,Highway,Clear,Dry,Low,4
2023-01-08,11:00,Najafgarh-Dhansa Road,Rural,Rain,Wet,Low,6
2023-01-08,14:00,Najafgarh-Dhansa Road,Rural,Rain,Wet,Low,5
2023-01-08,22:00,Outer Ring Road (Nehru Place),Highway,Clear,Dry,Medium,3
2023-01-08,07:00,DND Flyway,Highway,Stormy,Wet,Medium,7
2023-01-08,00:00,Chandni Chowk Main Road,City,Stormy,Wet,Medium,7
2023-01-08,17:00,Najafgarh-Dhansa Road,Rural,Stormy,Wet,Low,9
2023-01-08,09:00,Connaught Place Outer Circle,City,Fog,Damp,Low,4
2023-01-08,00:00,Noida-Greater Noida Expressway,Highway,Stormy,Wet,High,9
2023-01-08,09:00,Noida-Greater Noida Expressway,Highway,Rain,Wet,High,8
2023-01-08,19:00,Connaught Place Outer Circle,City,Clear,Dry,High,1
2023-01-08,05:00,Bawana Industrial Area,Rural,Stormy,Wet,Low,8
2023-01-08,00:00,DND Flyway,Highway,Rain,Wet,Medium,7
2023-01-08,18:00,Outer Ring Road (Nehru Place),Highway,Stormy,Wet,Medium,8
2023-01-08,19:00,Noida-Greater Noida Expressway,Highway,Clear,Dry,Medium,3
2023-01-08,22:00,Hauz Khas Village Rd,City,Clear,Dry,Medium,1
2023-01-08,03:00,Delhi-Gurgaon Expressway,Highway,Stormy,Wet,High,9
2023-01-08,16:00,Chhatarpur Farm Road,Rural,Stormy,Wet,Medium,10
2023-01-08,08:00,DND Flyway,Highway,Clear,Dry,Low,4
2023-01-08,06:00,Hauz Khas Village Rd,City,Clear,Dry,Medium,3
2023-01-08,14:00,Chhatarpur Farm Road,Rural,Stormy,Wet,Low,9
2023-01-09,10:00,Bawana Industrial Area,Rural,Rain,Wet,Medium,3
2023-01-09,10:00,DND Flyway,Highway,Fog,Damp,Medium,7
2023-01-09,01:00,Connaught Place Outer Circle,City,Rain,Wet,Low,4
2023-01-09,08:00,Najafgarh-Dhansa Road,Rural,Stormy,Wet,Medium,8
2023-01-09,03:00,Chandni Chowk Main Road,City,Stormy,Wet,High,7
2023-01-09,12:00,Hauz Khas Village Rd,City,Fog,Damp,Medium,4
2023-01-09,10:00,Noida-Greater Noida Expressway,Highway,Rain,Wet,Low,7
2023-01-09,14:00,Bawana Industrial Area,Rural,Rain,Wet,Low,6
2023-01-09,00:00,Bawana Industrial Area,Rural,Fog,Damp,Medium,9
2023-01-09,22:00,Chandni Chowk Main Road,City,Rain,Wet,High,4
2023-01-09,08:00,Noida-Greater Noida Expressway,Highway,Clear,Dry,High,6
2023-01-09,02:00,Noida-Greater Noida Expressway,Highway,Clear,Dry,Medium,3
2023-01-09,15:00,DND Flyway,Highway,Fog,Damp,High,10
2023-01-09,21:00,Lajpat Nagar Market Rd,City,Stormy,Wet,High,9
2023-01-09,13:00,Najafgarh-Dhansa Road,Rural,Fog,Damp,Low,8
2023-01-09,06:00,Bawana Industrial Area,Rural,Fog,Damp,High,10
2023-01-09,10:00,Delhi-Gurgaon Expressway,Highway,Rain,Wet,Low,6
2023-01-09,23:00,Bawana Industrial Area,Rural,Stormy,Wet,Low,10
2023-01-10,07:00,Hauz Khas Village Rd,City,Rain,Wet,Medium,5
2023-01-10,02:00,Hauz Khas Village Rd,City,Rain,Wet,Low,3
2023-01-10,08:00,DND Flyway,Highway,Clear,Dry,Medium,4
2023-01-10,00:00,Delhi-Gurgaon Expressway,Highway,Fog,Damp,Low,6
2023-01-10,16:00,Outer Ring Road (Nehru Place),Highway,Stormy,Wet,Low,10
2023-01-10,03:00,Bawana Industrial Area,Rural,Clear,Dry,Medium,1
2023-01-10,05:00,Noida-Greater Noida Expressway,Highway,Stormy,Wet,Low,10
2023-01-10,06:00,Delhi-Gurgaon Expressway,Highway,Stormy,Wet,Low,10
2023-01-10,18:00,Chandni Chowk Main Road,City,Rain,Wet,Low,6
2023-01-10,17:00,Outer Ring Road (Nehru Place),Highway,Fog,Damp,Medium,7
2023-01-10,19:00,Chandni Chowk Main Road,City,Fog,Damp,Medium,4
2023-01-10,16:00,Hauz Khas Village Rd,City,Clear,Dry,High,4
2023-01-10,10:00,Najafgarh-Dhansa Road,Rural,Rain,Wet,High,5
2023-01-10,19:00,Lajpat Nagar Market Rd,City,Stormy,Wet,High,7
2023-01-10,12:00,Najafgarh-Dhansa Road,Rural,Clear,Dry,High,2
2023-01-10,08:00,DND Flyway,Highway,Clear,Dry,Medium,3
2023-01-10,21:00,Delhi-Gurgaon Expressway,Highway,Fog,Damp,Low,9
2023-01-10,21:00,Hauz Khas Village Rd,City,Clear,Dry,Low,1
2023-01-10,19:00,Najafgarh-Dhansa Road,Rural,Fog,Damp,Medium,7
2023-01-10,11:00,Outer Ring Road (Nehru Place),Highway,Rain,Wet,Low,6
2023-01-11,23:00,Noida-Greater Noida Expressway,Highway,Fog,Damp,High,8
2023-01-11,03:00,Delhi-Gurgaon Expressway,Highway,Clear,Dry,Medium,2
2023-01-11,13:00,Lajpat Nagar Market Rd,City,Stormy,Wet,High,6
2023-01-11,10:00,DND Flyway,Highway,Clear,Dry,High,3
2023-01-11,19:00,Delhi-Gurgaon Expressway,Highway,Stormy,Wet,High,8
2023-01-11,00:00,Connaught Place Outer Circle,City,Fog,Damp,Medium,4
2023-01-11,02:00,DND Flyway,Highway,Rain,Wet,Medium,8
2023-01-11,22:00,Outer Ring Road (Nehru Place),Highway,Fog,Damp,Medium,6
2023-01-11,22:00,Outer Ring Road (Nehru Place),Highway,Fog,Damp,Medium,7
2023-01-11,22:00,Chandni Chowk Main Road,City,Rain,Wet,Medium,6
2023-01-11,18:00,DND Flyway,Highway,Fog,Damp,High,9
2023-01-11,16:00,Noida-Greater Noida Expressway,Highway,Stormy,Wet,Low,9
2023-01-11,05:00,Delhi-Gurgaon Expressway,Highway,Fog,Damp,Low,6
2023-01-11,06:00,Connaught Place Outer Circle,City,Rain,Wet,Medium,5
2023-01-11,08:00,Lajpat Nagar Market Rd,City,Stormy,Wet,Medium,8
2023-01-11,19:00,DND Flyway,Highway,Clear,Dry,Medium,5
2023-01-11,18:00,Delhi-Gurgaon Expressway,Highway,Clear,Dry,Low,5
2023-01-11,15:00,Lajpat Nagar Market Rd,City,Stormy,Wet,Low,7
2023-01-11,07:00,DND Flyway,Highway,Rain,Wet,High,8
2023-01-12,18:00,Chandni Chowk Main Road,City,Clear,Dry,Low,2
2023-01-12,14:00,Noida-Greater Noida Expressway,Highway,Fog,Damp,High,10
2023-01-12,00:00,Najafgarh-Dhansa Road,Rural,Rain,Wet,High,5
2023-01-12,06:00,Connaught Place Outer Circle,City,Clear,Dry,High,3
2023-01-12,07:00,Outer Ring Road (Nehru Place),Highway,Clear,Dry,Low,2
2023-01-12,07:00,Hauz Khas Village Rd,City,Fog,Damp,High,7
2023-01-12,14:00,Chandni Chowk Main Road,City,Rain,Wet,Medium,6
2023-01-12,17:00,Lajpat Nagar Market Rd,City,Rain,Wet,Medium,5
2023-01-12,14:00,Chandni Chowk Main Road,City,Clear,Dry,High,1
2023-01-12,17:00,DND Flyway,Highway,Fog,Damp,High,8
2023-01-12,17:00,Chandni Chowk Main Road,City,Clear,Dry,Low,2
2023-01-12,03:00,Lajpat Nagar Market Rd,City,Rain,Wet,High,4
2023-01-12,15:00,Delhi-Gurgaon Expressway,Highway,Stormy,Wet,High,10
2023-01-12,14:00,Noida-Greater Noida Expressway,Highway,Fog,Damp,High,10
2023-01-12,11:00,Noida-Greater Noida Expressway,Highway,Rain,Wet,Medium,5
2023-01-12,23:00,Najafgarh-Dhansa Road,Rural,Clear,Dry,Medium,1
2023-01-12,05:00,Najafgarh-Dhansa Road,Rural,Clear,Dry,Medium,2
2023-01-12,16:00,Chhatarpur Farm Road,Rural,Fog,Damp,Medium,7
2023-01-12,02:00,Najafgarh-Dhansa Road,Rural,Stormy,Wet,Low,8
2023-01-12,03:00,Chhatarpur Farm Road,Rural,Rain,Wet,High,5
2023-01-13,04:00,Chandni Chowk Main Road,City,Fog,Damp,High,6
2023-01-13,09:00,Outer Ring Road (Nehru Place),Highway,Fog,Damp,High,9
2023-01-13,13:00,Chandni Chowk Main Road,City,Rain,Wet,Low,6
2023-01-13,21:00,Delhi-Gurgaon Expressway,Highway,Rain,Wet,Low,6
2023-01-13,18:00,Connaught Place Outer Circle,City,Clear,Dry,Medium,1
2023-01-13,23:00,Lajpat Nagar Market Rd,City,Rain,Wet,Medium,6
2023-01-13,07:00,Delhi-Gurgaon Expressway,Highway,Clear,Dry,Medium,5
2023-01-13,23:00,Chhatarpur Farm Road,Rural,Clear,Dry,Low,1
2023-01-13,03:00,Delhi-Gurgaon Expressway,Highway,Fog,Damp,Medium,8
2023-01-13,18:00,Bawana Industrial Area,Rural,Stormy,Wet,Medium,10
2023-01-13,11:00,Noida-Greater Noida Expressway,Highway,Rain,Wet,High,9
2023-01-13,11:00,Chandni Chowk Main Road,City,Clear,Dry,Medium,1
2023-01-13,08:00,Hauz Khas Village Rd,City,Fog,Damp,Medium,7
2023-01-13,06:00,Hauz Khas Village Rd,City,Stormy,Wet,Low,8
2023-01-13,19:00,Hauz Khas Village Rd,City,Stormy,Wet,Medium,6
2023-01-13,01:00,Noida-Greater Noida Expressway,Highway,Rain,Wet,Low,5
2023-01-13,04:00,Hauz Khas Village Rd,City,Rain,Wet,Low,3
2023-01-13,12:00,Chhatarpur Farm Road,Rural,Fog,Damp,High,9
2023-01-13,21:00,Najafgarh-Dhansa Road,Rural,Fog,Damp,Medium,10
2023-01-13,18:00,Bawana Industrial Area,Rural,Stormy,Wet,Low,8
2023-01-14,11:00,Bawana Industrial Area,Rural,Rain,Wet,High,4
2023-01-14,14:00,Chandni Chowk Main Road,City,Rain,Wet,High,4
2023-01-14,04:00,Lajpat Nagar Market Rd,City,Stormy,Wet,Medium,6
2023-01-14,07:00,DND Flyway,Highway,Stormy,Wet,Low,9
2023-01-14,07:00,Chhatarpur Farm Road,Rural,Fog,Damp,Low,8
2023-01-14,11:00,DND Flyway,Highway,Rain,Wet,Low,8
2023-01-14,10:00,Bawana Industrial Area,Rural,Stormy,Wet,Medium,8
2023-01-14,08:00,Lajpat Nagar Market Rd,City,Clear,Dry,Medium,1
2023-01-14,23:00,DND Flyway,Highway,Clear,Dry,Medium,2
2023-01-14,02:00,Outer Ring Road (Nehru Place),Highway,Fog,Damp,High,10
2023-01-14,00:00,DND Flyway,Highway,Fog,Damp,High,10
2023-01-14,21:00,Connaught Place Outer Circle,City,Clear,Dry,High,1
2023-01-14,09:00,Hauz Khas Village Rd,City,Rain,Wet,Medium,3
2023-01-14,10:00,Delhi-Gurgaon Expressway,Highway,Fog,Damp,Medium,6
2023-01-14,21:00,Outer Ring Road (Nehru Place),Highway,Clear,Dry,Medium,4
2023-01-14,14:00,Noida-Greater Noida Expressway,Highway,Rain,Wet,Medium,8
2023-01-14,20:00,Noida-Greater Noida Expressway,Highway,Stormy,Wet,High,9
2023-01-15,17:00,Hauz Khas Village Rd,City,Rain,Wet,Low,4
2023-01-15,06:00,Hauz Khas Village Rd,City,Rain,Wet,High,7
2023-01-15,19:00,Hauz Khas Village Rd,City,Fog,Damp,High,6
2023-01-15,22:00,Connaught Place Outer Circle,City,Fog,Damp,High,6
2023-01-15,10:00,Outer Ring Road (Nehru Place),Highway,Clear,Dry,High,5
2023-01-15,00:00,Noida-Greater Noida Expressway,Highway,Stormy,Wet,High,8
2023-01-15,09:00,Hauz Khas Village Rd,City,Fog,Damp,Low,7
2023-01-15,19:00,Chhatarpur Farm Road,Rural,Rain,Wet,Low,4
2023-01-15,05:00,Najafgarh-Dhansa Road,Rural,Rain,Wet,Medium,5
2023-01-15,22:00,Noida-Greater Noida Expressway,Highway,Stormy,Wet,High,10
2023-01-15,15:00,Bawana Industrial Area,Rural,Rain,Wet,High,5
2023-01-15,02:00,Chhatarpur Farm Road,Rural,Rain,Wet,High,7
2023-01-15,04:00,DND Flyway,Highway,Clear,Dry,Medium,3
2023-01-15,08:00,Delhi-Gurgaon Expressway,Highway,Stormy,Wet,Low,10
2023-01-15,09:00,Outer Ring Road (Nehru Place),Highway,Fog,Damp,High,9
2023-01-15,20:00,DND Flyway,Highway,Rain,Wet,Low,8
2023-01-15,13:00,Lajpat Nagar Market Rd,City,Rain,Wet,Medium,3
2023-01-15,23:00,Lajpat Nagar Market Rd,City,Rain,Wet,High,6
2023-01-15,09:00,Connaught Place Outer Circle,City,Stormy,Wet,High,7
2023-01-15,05:00,Bawana Industrial Area,Rural,Stormy,Wet,Medium,10
2023-01-16,13:00,Outer Ring Road (Nehru Place),Highway,Fog,Damp,Medium,6
2023-01-16,03:00,Chhatarpur Farm Road,Rural,Rain,Wet,High,6
2023-01-16,03:00,DND Flyway,Highway,Fog,Damp,Low,9
2023-01-16,21:00,Delhi-Gurgaon Expressway,Highway,Rain,Wet,Medium,6
2023-01-16,14:00,Chandni Chowk Main Road,City,Stormy,Wet,High,6
2023-01-16,05:00,Noida-Greater Noida Expressway,Highway,Fog,Damp,Low,6
2023-01-16,01:00,Delhi-Gurgaon Expressway,Highway,Rain,Wet,Low,7
2023-01-16,20:00,Delhi-Gurgaon Expressway,Highway,Rain,Wet,Low,7
2023-01-16,10:00,Bawana Industrial Area,Rural,Clear,Dry,High,1
2023-01-16,02:00,Outer Ring Road (Nehru Place),Highway,Clear,Dry,Low,2
2023-01-16,19:00,Chandni Chowk Main Road,City,Clear,Dry,Medium,3
2023-01-16,01:00,Delhi-Gurgaon Expressway,Highway,Fog,Damp,Medium,8
2023-01-16,11:00,Connaught Place Outer Circle,City,Clear,Dry,Low,1
2023-01-16,03:00,Chhatarpur Farm Road,Rural,Clear,Dry,High,4
2023-01-16,07:00,Bawana Industrial Area,Rural,Clear,Dry,High,2
2023-01-16,07:00,Noida-Greater Noida Expressway,Highway,Stormy,Wet,Medium,9
2023-01-16,22:00,Delhi-Gurgaon Expressway,Highway,Stormy,Wet,High,10
2023-01-16,19:00,Hauz Khas Village Rd,City,Rain,Wet,Low,3
2023-01-16,17:00,Bawana Industrial Area,Rural,Clear,Dry,Medium,1
2023-01-17,14:00,Hauz Khas Village Rd,City,Clear,Dry,High,4
2023-01-17,08:00,Connaught Place Outer Circle,City,Fog,Damp,High,6
2023-01-17,13:00,Noida-Greater Noida Expressway,Highway,Stormy,Wet,Medium,10
2023-01-17,13:00,Delhi-Gurgaon Expressway,Highway,Rain,Wet,High,7
2023-01-17,19:00,Chandni Chowk Main Road,City,Clear,Dry,High,3
2023-01-17,11:00,Delhi-Gurgaon Expressway,Highway,Fog,Damp,High,9
2023-01-17,14:00,Bawana Industrial Area,Rural,Rain,Wet,Medium,4
2023-01-17,21:00,Bawana Industrial Area,Rural,Rain,Wet,Low,5
2023-01-17,05:00,Chandni Chowk Main Road,City,Fog,Damp,Low,4
2023-01-17,20:00,Bawana Industrial Area,Rural,Rain,Wet,Low,6
2023-01-17,22:00,DND Flyway,Highway,Rain,Wet,Medium,6
2023-01-17,03:00,Connaught Place Outer Circle,City,Fog,Damp,Medium,4
2023-01-17,10:00,Noida-Greater Noida Expressway,Highway,Rain,Wet,Medium,7
2023-01-17,10:00,Chhatarpur Farm Road,Rural,Stormy,Wet,Low,9
2023-01-17,16:00,DND Flyway,Highway,Rain,Wet,Low,7
2023-01-17,01:00,Najafgarh-Dhansa Road,Rural,Rain,Wet,Medium,5
2023-01-17,07:00,Lajpat Nagar Market Rd,City,Rain,Wet,Medium,6
2023-01-17,00:00,Noida-Greater Noida Expressway,Highway,Clear,Dry,Low,2
2023-01-17,09:00,Bawana Industrial Area,Rural,Fog,Damp,Medium,9
2023-01-17,08:00,Connaught Place Outer Circle,City,Rain,Wet,High,7
2023-01-17,18:00,Lajpat Nagar Market Rd,City,Stormy,Wet,Low,8
2023-01-18,01:00,Delhi-Gurgaon Expressway,Highway,Clear,Dry,Low,5
2023-01-18,20:00,Chandni Chowk Main Road,City,Fog,Damp,High,5
2023-01-18,10:00,Delhi-Gurgaon Expressway,Highway,Stormy,Wet,Medium,8
2023-01-18,16:00,Bawana Industrial Area,Rural,Fog,Damp,Low,8
2023-01-18,12:00,DND Flyway,Highway,Fog,Damp,High,8
2023-01-18,06:00,Delhi-Gurgaon Expressway,Highway,Stormy,Wet,Low,7
2023-01-18,18:00,Najafgarh-Dhansa Road,Rural,Clear,Dry,Medium,2
2023-01-18,11:00,Chandni Chowk Main Road,City,Stormy,Wet,Low,5
2023-01-18,17:00,Lajpat Nagar Market Rd,City,Rain,Wet,Low,6
2023-01-18,16:00,DND Flyway,Highway,Fog,Damp,Medium,6
2023-01-18,00:00,Chandni Chowk Main Road,City,Stormy,Wet,High,6
2023-01-18,10:00,Najafgarh-Dhansa Road,Rural,Rain,Wet,High,6
2023-01-18,15:00,Noida-Greater Noida Expressway,Highway,Stormy,Wet,High,9
2023-01-18,15:00,Bawana Industrial Area,Rural,Clear,Dry,Medium,1
2023-01-18,22:00,Outer Ring Road (Nehru Place),Highway,Fog,Damp,High,7
2023-01-18,09:00,Hauz Khas Village Rd,City,Stormy,Wet,Low,5
2023-01-18,16:00,Bawana Industrial Area,Rural,Rain,Wet,Low,6
2023-01-19,01:00,DND Flyway,Highway,Stormy,Wet,Low,10
2023-01-19,00:00,Bawana Industrial Area,Rural,Stormy,Wet,High,10
2023-01-19,06:00,Chhatarpur Farm Road,Rural,Clear,Dry,Low,2
2023-01-19,17:00,Lajpat Nagar Market Rd,City,Stormy,Wet,Low,5
2023-01-19,17:00,Connaught Place Outer Circle,City,Rain,Wet,Low,3
2023-01-19,00:00,Najafgarh-Dhansa Road,Rural,Rain,Wet,Medium,5
2023-01-19,16:00,Noida-Greater Noida Expressway,Highway,Stormy,Wet,High,10
2023-01-19,15:00,Noida-Greater Noida Expressway,Highway,Clear,Dry,High,3
2023-01-19,10:00,Outer Ring Road (Nehru Place),Highway,Fog,Damp,Low,7
2023-01-19,12:00,Bawana Industrial Area,Rural,Stormy,Wet,Medium,10
2023-01-19,19:00,Lajpat Nagar Market Rd,City,Clear,Dry,Low,2
2023-01-19,02:00,Lajpat Nagar Market Rd,City,Rain,Wet,Low,6
2023-01-19,01:00,Noida-Greater Noida Expressway,Highway,Clear,Dry,Medium,2
2023-01-19,04:00,Delhi-Gurgaon Expressway,Highway,Clear,Dry,Low,2
2023-01-19,22:00,Delhi-Gurgaon Expressway,Highway,Stormy,Wet,Low,9
2023-01-19,03:00,Connaught Place Outer Circle,City,Clear,Dry,Medium,3
2023-01-19,18:00,Hauz Khas Village Rd,City,Stormy,Wet,High,9
2023-01-19,20:00,Connaught Place Outer Circle,City,Rain,Wet,Medium,5
2023-01-20,08:00,DND Flyway,Highway,Clear,Dry,High,4
2023-01-20,04:00,Chandni Chowk Main Road,City,Clear,Dry,Low,1
2023-01-20,14:00,Najafgarh-Dhansa Road,Rural,Stormy,Wet,High,9
2023-01-20,03:00,Hauz Khas Village Rd,City,Clear,Dry,High,2
2023-01-20,00:00,Noida-Greater Noida Expressway,Highway,Rain,Wet,High,6
2023-01-20,05:00,Chandni Chowk Main Road,City,Rain,Wet,Low,3
2023-01-20,14:00,Outer Ring Road (Nehru Place),Highway,Fog,Damp,Medium,9
2023-01-20,06:00,Najafgarh-Dhansa Road,Rural,Clear,Dry,Low,3
2023-01-20,08:00,Outer Ring Road (Nehru Place),Highway,Clear,Dry,Low,3
2023-01-20,01:00,Hauz Khas Village Rd,City,Clear,Dry,Low,1
2023-01-20,02:00,Connaught Place Outer Circle,City,Fog,Damp,High,5
2023-01-20,05:00,Chhatarpur Farm Road,Rural,Clear,Dry,Medium,3
2023-01-20,08:00,Hauz Khas Village Rd,City,Rain,Wet,Medium,4
2023-01-20,17:00,Najafgarh-Dhansa Road,Rural,Fog,Damp,High,10
2023-01-20,03:00,Noida-Greater Noida Expressway,Highway,Clear,Dry,High,3
2023-01-20,14:00,Delhi-Gurgaon Expressway,Highway,Stormy,Wet,Medium,7
2023-01-21,21:00,Delhi-Gurgaon Expressway,Highway,Rain,Wet,High,6
2023-01-21,10:00,Bawana Industrial Area,Rural,Rain,Wet,High,6
2023-01-21,10:00,Bawana Industrial Area,Rural,Stormy,Wet,High,10
2023-01-21,10:00,Lajpat Nagar Market Rd,City,Stormy,Wet,Medium,6
2023-01-21,00:00,Chandni Chowk Main Road,City,Fog,Damp,Medium,7
2023-01-21,05:00,Najafgarh-Dhansa Road,Rural,Fog,Damp,Medium,10
2023-01-21,18:00,Chandni Chowk Main Road,City,Fog,Damp,High,8
2023-01-21,18:00,Bawana Industrial Area,Rural,Clear,Dry,Low,1
2023-01-21,17:00,DND Flyway,Highway,Stormy,Wet,Low,10
2023-01-21,05:00,Connaught Place Outer Circle,City,Stormy,Wet,Low,7
2023-01-21,01:00,Hauz Khas Village Rd,City,Fog,Damp,Medium,5
2023-01-21,02:00,Chhatarpur Farm Road,Rural,Fog,Damp,Medium,10
2023-01-21,03:00,Lajpat Nagar Market Rd,City,Fog,Damp,Low,5
2023-01-21,20:00,Chandni Chowk Main Road,City,Clear,Dry,Medium,1
2023-01-21,00:00,Outer Ring Road (Nehru Place),Highway,Stormy,Wet,Low,9
2023-01-21,17:00,Chhatarpur Farm Road,Rural,Stormy,Wet,Low,9
2023-01-21,12:00,Connaught Place Outer Circle,City,Clear,Dry,Medium,1
2023-01-21,03:00,DND Flyway,Highway,Rain,Wet,High,6
2023-01-21,00:00,Noida-Greater Noida Expressway,Highway,Fog,Damp,Medium,7
2023-01-22,21:00,Outer Ring Road (Nehru Place),Highway,Rain,Wet,Low,7
2023-01-22,07:00,Chhatarpur Farm Road,Rural,Rain,Wet,Medium,5
2023-01-22,15:00,Noida-Greater Noida Expressway,Highway,Fog,Damp,High,10
2023-01-22,00:00,Chhatarpur Farm Road,Rural,Clear,Dry,Low,1
2023-01-22,16:00,Lajpat Nagar Market Rd,City,Rain,Wet,High,5
2023-01-22,14:00,Lajpat Nagar Market Rd,City,Stormy,Wet,Low,5
2023-01-22,01:00,Hauz Khas Village Rd,City,Clear,Dry,Medium,3
2023-01-22,17:00,Connaught Place Outer Circle,City,Stormy,Wet,High,8
2023-01-22,19:00,Chhatarpur Farm Road,Rural,Stormy,Wet,Low,9
2023-01-22,14:00,Najafgarh-Dhansa Road,Rural,Fog,Damp,Medium,8
2023-01-22,06:00,DND Flyway,Highway,Stormy,Wet,Low,9
2023-01-22,16:00,Outer Ring Road (Nehru Place),Highway,Stormy,Wet,Low,8
2023-01-22,09:00,Hauz Khas Village Rd,City,Fog,Damp,Medium,5
2023-01-22,17:00,Hauz Khas Village Rd,City,Rain,Wet,High,4
2023-01-22,22:00,Bawana Industrial Area,Rural,Rain,Wet,Low,5
2023-01-22,05:00,DND Flyway,Highway,Stormy,Wet,Medium,7
2023-01-22,02:00,Najafgarh-Dhansa Road,Rural,Fog,Damp,High,9
2023-01-22,07:00,Najafgarh-Dhansa Road,Rural,Rain,Wet,High,6
2023-01-23,14:00,Chandni Chowk Main Road,City,Clear,Dry,Low,2
2023-01-23,09:00,Outer Ring Road (Nehru Place),Highway,Rain,Wet,High,8
2023-01-23,06:00,Hauz Khas Village Rd,City,Clear,Dry,High,1
2023-01-23,01:00,DND Flyway,Highway,Clear,Dry,High,3
2023-01-23,15:00,Noida-Greater Noida Expressway,Highway,Rain,Wet,Medium,7
2023-01-23,03:00,Outer Ring Road (Nehru Place),Highway,Stormy,Wet,Medium,8
2023-01-23,18:00,Hauz Khas Village Rd,City,Stormy,Wet,Low,8
2023-01-23,12:00,Chandni Chowk Main Road,City,Rain,Wet,High,6
2023-01-23,12:00,Bawana Industrial Area,Rural,Fog,Damp,Low,8
2023-01-23,06:00,DND Flyway,Highway,Rain,Wet,Medium,5
2023-01-23,14:00,Hauz Khas Village Rd,City,Stormy,Wet,Low,8
2023-01-23,14:00,Outer Ring Road (Nehru Place),Highway,Rain,Wet,High,7
2023-01-23,22:00,Delhi-Gurgaon Expressway,Highway,Stormy,Wet,Low,9
2023-01-23,13:00,Outer Ring Road (Nehru Place),Highway,Rain,Wet,Medium,7
2023-01-23,03:00,Hauz Khas Village Rd,City,Stormy,Wet,Medium,7
2023-01-23,11:00,Bawana Industrial Area,Rural,Rain,Wet,High,6
2023-01-23,21:00,Bawana Industrial Area,Rural,Stormy,Wet,High,10
2023-01-23,02:00,Outer Ring Road (Nehru Place),Highway,Rain,Wet,Medium,7
2023-01-23,00:00,Lajpat Nagar Market Rd,City,Stormy,Wet,Low,6
2023-01-23,00:00,DND Flyway,Highway,Clear,Dry,Medium,4
2023-01-23,04:00,Delhi-Gurgaon Expressway,Highway,Clear,Dry,High,4
2023-01-24,15:00,DND Flyway,Highway,Clear,Dry,High,5
2023-01-24,16:00,Noida-Greater Noida Expressway,Highway,Clear,Dry,Medium,2
2023-01-24,13:00,Noida-Greater Noida Expressway,Highway,Rain,Wet,Low,5
2023-01-24,13:00,Delhi-Gurgaon Expressway,Highway,Stormy,Wet,High,10
2023-01-24,03:00,Chandni Chowk Main Road,City,Clear,Dry,Medium,1
2023-01-24,01:00,Delhi-Gurgaon Expressway,Highway,Fog,Damp,Medium,8
2023-01-24,07:00,DND Flyway,Highway,Fog,Damp,High,9
2023-01-24,11:00,Lajpat Nagar Market Rd,City,Rain,Wet,Medium,4
2023-01-24,08:00,Hauz Khas Village Rd,City,Rain,Wet,Low,4
2023-01-24,06:00,Hauz Khas Village Rd,City,Rain,Wet,High,6
2023-01-24,06:00,Connaught Place Outer Circle,City,Rain,Wet,High,4
2023-01-24,20:00,Lajpat Nagar Market Rd,City,Stormy,Wet,Low,6
2023-01-24,10:00,Connaught Place Outer Circle,City,Fog,Damp,High,7
2023-01-24,23:00,Chhatarpur Farm Road,Rural,Rain,Wet,Medium,4
2023-01-24,18:00,Hauz Khas Village Rd,City,Fog,Damp,Medium,5
2023-01-24,05:00,Chandni Chowk Main Road,City,Stormy,Wet,Medium,5
2023-01-24,07:00,Chhatarpur Farm Road,Rural,Stormy,Wet,Medium,10
2023-01-24,14:00,Connaught Place Outer Circle,City,Fog,Damp,High,7
2023-01-24,22:00,Outer Ring Road (Nehru Place),Highway,Stormy,Wet,Low,7
2023-01-24,19:00,Outer Ring Road (Nehru Place),Highway,Clear,Dry,High,3
2023-01-24,11:00,Delhi-Gurgaon Expressway,Highway,Clear,Dry,Low,3
2023-01-25,06:00,Chhatarpur Farm Road,Rural,Clear,Dry,Low,2
2023-01-25,01:00,Delhi-Gurgaon Expressway,Highway,Rain,Wet,High,8
2023-01-25,10:00,Chandni Chowk Main Road,City,Rain,Wet,Low,3
2023-01-25,23:00,Chhatarpur Farm Road,Rural,Fog,Damp,Medium,8
2023-01-25,12:00,Noida-Greater Noida Expressway,Highway,Stormy,Wet,Medium,7
2023-01-25,16:00,Outer Ring Road (Nehru Place),Highway,Rain,Wet,Low,5
2023-01-25,01:00,Connaught Place Outer Circle,City,Stormy,Wet,Low,7
2023-01-25,04:00,Chhatarpur Farm Road,Rural,Rain,Wet,Medium,3
2023-01-25,00:00,DND Flyway,Highway,Rain,Wet,Low,7
2023-01-25,03:00,Lajpat Nagar Market Rd,City,Clear,Dry,Medium,1
2023-01-25,00:00,Hauz Khas Village Rd,City,Stormy,Wet,High,7
2023-01-25,19:00,Lajpat Nagar Market Rd,City,Fog,Damp,Low,6
2023-01-25,01:00,Delhi-Gurgaon Expressway,Highway,Rain,Wet,Medium,7
2023-01-25,16:00,Najafgarh-Dhansa Road,Rural,Stormy,Wet,Medium,10
2023-01-25,02:00,Delhi-Gurgaon Expressway,Highway,Clear,Dry,Medium,2
2023-01-25,10:00,Connaught Place Outer Circle,City,Rain,Wet,Medium,3
2023-01-25,13:00,Outer Ring Road (Nehru Place),Highway,Clear,Dry,Medium,4
2023-01-25,19:00,Chandni Chowk Main Road,City,Clear,Dry,Medium,1
2023-01-26,17:00,Noida-Greater Noida Expressway,Highway,Clear,Dry,High,5
2023-01-26,05:00,Hauz Khas Village Rd,City,Clear,Dry,Medium,1
2023-01-26,11:00,Outer Ring Road (Nehru Place),Highway,Stormy,Wet,Medium,10
2023-01-26,00:00,Connaught Place Outer Circle,City,Stormy,Wet,High,9
2023-01-26,23:00,Outer Ring Road (Nehru Place),Highway,Rain,Wet,Low,5
2023-01-26,00:00,Bawana Industrial Area,Rural,Stormy,Wet,Low,10
2023-01-26,16:00,Bawana Industrial Area,Rural,Clear,Dry,Low,2
2023-01-26,18:00,DND Flyway,Highway,Clear,Dry,High,5
2023-01-26,18:00,Hauz Khas Village Rd,City,Rain,Wet,Low,6
2023-01-26,05:00,Noida-Greater Noida Expressway,Highway,Stormy,Wet,High,9
2023-01-26,10:00,Noida-Greater Noida Expressway,Highway,Stormy,Wet,Low,9
2023-01-26,01:00,Chhatarpur Farm Road,Rural,Clear,Dry,Low,2
2023-01-26,07:00,Najafgarh-Dhansa Road,Rural,Clear,Dry,Medium,1
2023-01-26,08:00,Najafgarh-Dhansa Road,Rural,Rain,Wet,Low,5
2023-01-26,16:00,Chandni Chowk Main Road,City,Fog,Damp,Low,7
2023-01-26,08:00,Lajpat Nagar Market Rd,City,Stormy,Wet,Low,5
2023-01-27,00:00,Lajpat Nagar Market Rd,City,Fog,Damp,Low,6
2023-01-27,00:00,Outer Ring Road (Nehru Place),Highway,Rain,Wet,High,8
2023-01-27,14:00,Chhatarpur Farm Road,Rural,Fog,Damp,Low,9
2023-01-27,16:00,Outer Ring Road (Nehru Place),Highway,Clear,Dry,Low,5
2023-01-27,09:00,Outer Ring Road (Nehru Place),Highway,Stormy,Wet,High,8
2023-01-27,04:00,Lajpat Nagar Market Rd,City,Stormy,Wet,Medium,8
2023-01-27,08:00,Bawana Industrial Area,Rural,Rain,Wet,Medium,5
2023-01-27,23:00,Lajpat Nagar Market Rd,City,Clear,Dry,High,2
2023-01-27,12:00,Connaught Place Outer Circle,City,Rain,Wet,Low,5
2023-01-27,15:00,DND Flyway,Highway,Fog,Damp,High,9
2023-01-27,16:00,Delhi-Gurgaon Expressway,Highway,Stormy,Wet,High,10
2023-01-27,03:00,Hauz Khas Village Rd,City,Stormy,Wet,Low,6
2023-01-27,00:00,Delhi-Gurgaon Expressway,Highway,Stormy,Wet,High,10
2023-01-27,08:00,Noida-Greater Noida Expressway,Highway,Clear,Dry,Low,5
2023-01-27,12:00,DND Flyway,Highway,Fog,Damp,Medium,7
2023-01-27,09:00,Bawana Industrial Area,Rural,Clear,Dry,High,3
2023-01-27,04:00,Najafgarh-Dhansa Road,Rural,Clear,Dry,Low,1
2023-01-27,22:00,Noida-Greater Noida Expressway,Highway,Fog,Damp,High,10
2023-01-27,05:00,Chandni Chowk Main Road,City,Fog,Damp,Low,5
2023-01-27,12:00,Hauz Khas Village Rd,City,Stormy,Wet,Low,5
2023-01-28,21:00,Chhatarpur Farm Road,Rural,Clear,Dry,High,2
2023-01-28,03:00,Hauz Khas Village Rd,City,Fog,Damp,Low,5
2023-01-28,15:00,Chhatarpur Farm Road,Rural,Stormy,Wet,Low,10
2023-01-28,09:00,Bawana Industrial Area,Rural,Clear,Dry,High,1
2023-01-28,06:00,Lajpat Nagar Market Rd,City,Stormy,Wet,High,9
2023-01-28,19:00,Lajpat Nagar Market Rd,City,Rain,Wet,Low,3
2023-01-28,23:00,Lajpat Nagar Market Rd,City,Rain,Wet,Medium,5
2023-01-28,04:00,Outer Ring Road (Nehru Place),Highway,Fog,Damp,High,8
2023-01-28,06:00,Najafgarh-Dhansa Road,Rural,Clear,Dry,Medium,2
2023-01-28,10:00,Connaught Place Outer Circle,City,Fog,Damp,High,8
2023-01-28,01:00,Chhatarpur Farm Road,Rural,Rain,Wet,Medium,6
2023-01-28,10:00,Lajpat Nagar Market Rd,City,Rain,Wet,Low,5
2023-01-28,19:00,Bawana Industrial Area,Rural,Stormy,Wet,Low,8
2023-01-28,09:00,Bawana Industrial Area,Rural,Clear,Dry,High,4
2023-01-28,09:00,Hauz Khas Village Rd,City,Stormy,Wet,Medium,5
2023-01-28,08:00,Chhatarpur Farm Road,Rural,Clear,Dry,Low,2
2023-01-28,02:00,Hauz Khas Village Rd,City,Stormy,Wet,High,6
2023-01-28,03:00,Noida-Greater Noida Expressway,Highway,Fog,Damp,Medium,9
2023-01-28,11:00,Chandni Chowk Main Road,City,Stormy,Wet,Low,6
2023-01-29,16:00,Hauz Khas Village Rd,City,Rain,Wet,Low,6
2023-01-29,14:00,DND Flyway,Highway,Stormy,Wet,High,10
2023-01-29,05:00,Najafgarh-Dhansa Road,Rural,Rain,Wet,High,5
2023-01-29,19:00,Delhi-Gurgaon Expressway,Highway,Rain,Wet,High,7
2023-01-29,18:00,Noida-Greater Noida Expressway,Highway,Rain,Wet,Medium,5
2023-01-29,21:00,Chandni Chowk Main Road,City,Clear,Dry,High,2
2023-01-29,08:00,Lajpat Nagar Market Rd,City,Fog,Damp,Medium,5
2023-01-29,06:00,Hauz Khas Village Rd,City,Clear,Dry,Medium,3
2023-01-29,08:00,DND Flyway,Highway,Stormy,Wet,Low,7
2023-01-29,08:00,Najafgarh-Dhansa Road,Rural,Fog,Damp,Medium,8
2023-01-29,23:00,Bawana Industrial Area,Rural,Rain,Wet,Low,4
2023-01-29,01:00,Outer Ring Road (Nehru Place),Highway,Rain,Wet,Low,8
2023-01-29,11:00,Hauz Khas Village Rd,City,Rain,Wet,Medium,4
2023-01-29,21:00,Outer Ring Road (Nehru Place),Highway,Fog,Damp,Medium,7
2023-01-29,18:00,DND Flyway,Highway,Rain,Wet,Low,6
2023-01-29,23:00,Chandni Chowk Main Road,City,Rain,Wet,High,7
2023-01-29,16:00,DND Flyway,Highway,Clear,Dry,High,3
2023-01-29,12:00,Bawana Industrial Area,Rural,Fog,Damp,Medium,10
2023-01-29,12:00,Chandni Chowk Main Road,City,Stormy,Wet,High,7
2023-01-29,03:00,Chhatarpur Farm Road,Rural,Clear,Dry,High,1
2023-01-30,06:00,Chhatarpur Farm Road,Rural,Rain,Wet,Low,3
2023-01-30,05:00,Najafgarh-Dhansa Road,Rural,Fog,Damp,Medium,8
2023-01-30,08:00,Lajpat Nagar Market Rd,City,Clear,Dry,High,3
2023-01-30,18:00,Connaught Place Outer Circle,City,Stormy,Wet,Medium,7
2023-01-30,14:00,Bawana Industrial Area,Rural,Clear,Dry,Medium,1
2023-01-30,05:00,Lajpat Nagar Market Rd,City,Stormy,Wet,Medium,5
2023-01-30,15:00,Hauz Khas Village Rd,City,Clear,Dry,Low,1
2023-01-30,23:00,Connaught Place Outer Circle,City,Stormy,Wet,Medium,8
2023-01-30,19:00,Lajpat Nagar Market Rd,City,Stormy,Wet,Medium,8
2023-01-30,19:00,Bawana Industrial Area,Rural,Rain,Wet,Medium,3
2023-01-30,13:00,Chandni Chowk Main Road,City,Stormy,Wet,Low,5
2023-01-30,08:00,Connaught Place Outer Circle,City,Fog,Damp,Medium,4
2023-01-30,04:00,Outer Ring Road (Nehru Place),Highway,Clear,Dry,Low,4
2023-01-30,13:00,Hauz Khas Village Rd,City,Clear,Dry,Medium,2
2023-01-30,21:00,Connaught Place Outer Circle,City,Rain,Wet,Low,3
2023-01-30,05:00,Outer Ring Road (Nehru Place),Highway,Rain,Wet,Low,8
2023-01-30,08:00,Bawana Industrial Area,Rural,Clear,Dry,High,1
2023-01-30,05:00,Outer Ring Road (Nehru Place),Highway,Rain,Wet,Medium,6
2023-01-31,11:00,Bawana Industrial Area,Rural,Stormy,Wet,High,9
2023-01-31,01:00,Bawana Industrial Area,Rural,Rain,Wet,High,5
2023-01-31,01:00,Najafgarh-Dhansa Road,Rural,Rain,Wet,Low,4
2023-01-31,04:00,Noida-Greater Noida Expressway,Highway,Rain,Wet,Low,8
2023-01-31,03:00,Bawana Industrial Area,Rural,Fog,Damp,Medium,7
2023-01-31,01:00,Noida-Greater Noida Expressway,Highway,Stormy,Wet,High,10
2023-01-31,12:00,Hauz Khas Village Rd,City,Rain,Wet,Medium,3
2023-01-31,13:00,Delhi-Gurgaon Expressway,Highway,Fog,Damp,Medium,8
2023-01-31,01:00,Najafgarh-Dhansa Road,Rural,Stormy,Wet,Low,10
2023-01-31,23:00,Outer Ring Road (Nehru Place),Highway,Rain,Wet,High,8
2023-01-31,09:00,Hauz Khas Village Rd,City,Fog,Damp,Medium,4
2023-01-31,02:00,Chhatarpur Farm Road,Rural,Stormy,Wet,Medium,10
2023-01-31,13:00,Bawana Industrial Area,Rural,Rain,Wet,High,4
2023-01-31,05:00,Chandni Chowk Main Road,City,Clear,Dry,Medium,2
2023-01-31,16:00,Chhatarpur Farm Road,Rural,Fog,Damp,Medium,7
2023-01-31,04:00,Bawana Industrial Area,Rural,Stormy,Wet,High,10
2023-01-31,14:00,Outer Ring Road (Nehru Place),Highway,Stormy,Wet,Low,8
2023-01-31,02:00,Hauz Khas Village Rd,City,Stormy,Wet,Medium,7
2023-01-31,19:00,Bawana Industrial Area,Rural,Rain,Wet,Low,3
2023-01-31,09:00,Outer Ring Road (Nehru Place),Highway,Stormy,Wet,High,9
2023-02-01,09:00,Lajpat Nagar Market Rd,City,Stormy,Wet,Low,7
2023-02-01,22:00,Connaught Place Outer Circle,City,Clear,Dry,Low,2
2023-02-01,23:00,Connaught Place Outer Circle,City,Rain,Wet,Low,6
2023-02-01,03:00,Outer Ring Road (Nehru Place),Highway,Clear,Dry,Low,3
2023-02-01,00:00,Chandni Chowk Main Road,City,Clear,Dry,Medium,3
2023-02-01,17:00,Hauz Khas Village Rd,City,Fog,Damp,Medium,6
2023-02-01,22:00,Najafgarh-Dhansa Road,Rural,Fog,Damp,High,10
2023-02-01,11:00,Chhatarpur Farm Road,Rural,Clear,Dry,High,3
2023-02-01,14:00,Outer Ring Road (Nehru Place),Highway,Clear,Dry,Medium,3
2023-02-01,08:00,Hauz Khas Village Rd,City,Fog,Damp,Low,4
2023-02-01,23:00,Chandni Chowk Main Road,City,Fog,Damp,Low,6
2023-02-01,16:00,Lajpat Nagar Market Rd,City,Fog,Damp,Low,5
2023-02-01,19:00,Lajpat Nagar Market Rd,City,Stormy,Wet,Medium,5
2023-02-01,13:00,Lajpat Nagar Market Rd,City,Stormy,Wet,Medium,6
2023-02-01,15:00,Connaught Place Outer Circle,City,Clear,Dry,Low,3
2023-02-01,21:00,Connaught Place Outer Circle,City,Clear,Dry,Medium,1
2023-02-01,16:00,Chhatarpur Farm Road,Rural,Stormy,Wet,Medium,9
2023-02-01,20:00,Outer Ring Road (Nehru Place),Highway,Stormy,Wet,Low,8
2023-02-01,03:00,DND Flyway,Highway,Clear,Dry,Low,3
2023-02-02,21:00,Outer Ring Road (Nehru Place),Highway,Clear,Dry,Low,3
2023-02-02,04:00,Outer Ring Road (Nehru Place),Highway,Rain,Wet,Low,6
2023-02-02,11:00,Noida-Greater Noida Expressway,Highway,Stormy,Wet,Medium,8
2023-02-02,09:00,Lajpat Nagar Market Rd,City,Stormy,Wet,Medium,5
2023-02-02,22:00,Lajpat Nagar Market Rd,City,Rain,Wet,Medium,5
2023-02-02,17:00,Lajpat Nagar Market Rd,City,Rain,Wet,High,7
2023-02-02,20:00,Chandni Chowk Main Road,City,Stormy,Wet,Medium,6
2023-02-02,07:00,Connaught Place Outer Circle,City,Fog,Damp,High,7
2023-02-02,14:00,DND Flyway,Highway,Clear,Dry,Medium,2
2023-02-02,18:00,Noida-Greater Noida Expressway,Highway,Clear,Dry,Medium,3
2023-02-02,23:00,Najafgarh-Dhansa Road,Rural,Fog,Damp,High,10
2023-02-02,15:00,Noida-Greater Noida Expressway,Highway,Clear,Dry,Low,3
2023-02-02,10:00,Delhi-Gurgaon Expressway,Highway,Clear,Dry,Low,3
2023-02-02,13:00,Delhi-Gurgaon Expressway,Highway,Stormy,Wet,High,8
2023-02-02,21:00,Delhi-Gurgaon Expressway,Highway,Clear,Dry,Low,3
2023-02-02,15:00,Bawana Industrial Area,Rural,Fog,Damp,High,8
2023-02-02,14:00,DND Flyway,Highway,Rain,Wet,Low,6
2023-02-02,07:00,Najafgarh-Dhansa Road,Rural,Rain,Wet,Medium,6
2023-02-03,08:00,Lajpat Nagar Market Rd,City,Rain,Wet,Medium,6
2023-02-03,05:00,Najafgarh-Dhansa Road,Rural,Fog,Damp,Low,8
2023-02-03,07:00,Hauz Khas Village Rd,City,Clear,Dry,High,3
2023-02-03,15:00,Connaught Place Outer Circle,City,Rain,Wet,Medium,4
2023-02-03,05:00,Outer Ring Road (Nehru Place),Highway,Rain,Wet,Medium,8
2023-02-03,08:00,Chhatarpur Farm Road,Rural,Clear,Dry,Low,1
2023-02-03,01:00,Chandni Chowk Main Road,City,Stormy,Wet,High,7
2023-02-03,16:00,DND Flyway,Highway,Stormy,Wet,High,10
2023-02-03,02:00,Lajpat Nagar Market Rd,City,Clear,Dry,Medium,3
2023-02-03,01:00,Lajpat Nagar Market Rd,City,Clear,Dry,Medium,1
2023-02-03,02:00,Lajpat Nagar Market Rd,City,Rain,Wet,Low,6
2023-02-03,04:00,Noida-Greater Noida Expressway,Highway,Stormy,Wet,High,9
2023-02-03,03:00,Lajpat Nagar Market Rd,City,Clear,Dry,Low,1
2023-02-03,21:00,Chandni Chowk Main Road,City,Fog,Damp,Low,6
2023-02-03,05:00,Lajpat Nagar Market Rd,City,Rain,Wet,Medium,3
2023-02-03,13:00,Hauz Khas Village Rd,City,Clear,Dry,Medium,3
2023-02-03,17:00,Delhi-Gurgaon Expressway,Highway,Stormy,Wet,Low,7
2023-02-03,17:00,Outer Ring Road (Nehru Place),Highway,Clear,Dry,Low,2
2023-02-03,07:00,Lajpat Nagar Market Rd,City,Stormy,Wet,High,7
2023-02-03,23:00,Hauz Khas Village Rd,City,Fog,Damp,Medium,6
2023-02-03,06:00,Chhatarpur Farm Road,Rural,Rain,Wet,High,7
2023-02-03,04:00,Delhi-Gurgaon Expressway,Highway,Rain,Wet,Medium,8
2023-02-04,06:00,Chandni Chowk Main Road,City,Clear,Dry,Low,3
2023-02-04,04:00,Chandni Chowk Main Road,City,Stormy,Wet,Medium,5
2023-02-04,12:00,DND Flyway,Highway,Clear,Dry,High,5
2023-02-04,19:00,Delhi-Gurgaon Expressway,Highway,Clear,Dry,Low,5
2023-02-04,00:00,Hauz Khas Village Rd,City,Fog,Damp,High,5
2023-02-04,18:00,Chhatarpur Farm Road,Rural,Fog,Damp,High,8
2023-02-04,05:00,Outer Ring Road (Nehru Place),Highway,Clear,Dry,Medium,2
2023-02-04,07:00,Noida-Greater Noida Expressway,Highway,Clear,Dry,High,3
2023-02-04,01:00,Najafgarh-Dhansa Road,Rural,Fog,Damp,High,10
2023-02-04,19:00,Noida-Greater Noida Expressway,Highway,Rain,Wet,Medium,8
2023-02-04,08:00,Noida-Greater Noida Expressway,Highway,Rain,Wet,Medium,6
2023-02-04,23:00,Delhi-Gurgaon Expressway,Highway,Clear,Dry,Medium,4
2023-02-04,18:00,Bawana Industrial Area,Rural,Fog,Damp,Low,8
2023-02-04,08:00,Najafgarh-Dhansa Road,Rural,Stormy,Wet,High,9
2023-02-04,15:00,Outer Ring Road (Nehru Place),Highway,Rain,Wet,High,8
2023-02-04,12:00,Najafgarh-Dhansa Road,Rural,Rain,Wet,Low,6
2023-02-04,08:00,Lajpat Nagar Market Rd,City,Fog,Damp,High,8
2023-02-04,17:00,Chhatarpur Farm Road,Rural,Clear,Dry,Medium,2
2023-02-05,03:00,Bawana Industrial Area,Rural,Rain,Wet,High,4
2023-02-05,03:00,Connaught Place Outer Circle,City,Stormy,Wet,High,7
2023-02-05,05:00,Connaught Place Outer Circle,City,Fog,Damp,High,5
2023-02-05,02:00,Noida-Greater Noida Expressway,Highway,Rain,Wet,Low,6
2023-02-05,15:00,Outer Ring Road (Nehru Place),Highway,Clear,Dry,High,5
2023-02-05,23:00,Bawana Industrial Area,Rural,Clear,Dry,Low,1
2023-02-05,16:00,Hauz Khas Village Rd,City,Clear,Dry,Low,2
2023-02-05,12:00,Chandni Chowk Main Road,City,Clear,Dry,Medium,2
2023-02-05,15:00,Chandni Chowk Main Road,City,Rain,Wet,Low,4
2023-02-05,18:00,Delhi-Gurgaon Expressway,Highway,Fog,Damp,Low,8
2023-02-05,03:00,Chhatarpur Farm Road,Rural,Stormy,Wet,Low,9
2023-02-05,18:00,Bawana Industrial Area,Rural,Fog,Damp,Low,8
2023-02-05,04:00,Chandni Chowk Main Road,City,Clear,Dry,Low,1
2023-02-05,15:00,Lajpat Nagar Market Rd,City,Clear,Dry,Medium,3
2023-02-05,22:00,Noida-Greater Noida Expressway,Highway,Rain,Wet,High,9
2023-02-05,06:00,Delhi-Gurgaon Expressway,Highway,Clear,Dry,Low,2
2023-02-05,06:00,Najafgarh-Dhansa Road,Rural,Clear,Dry,Low,1
2023-02-05,13:00,Chandni Chowk Main Road,City,Rain,Wet,Medium,3
2023-02-05,23:00,Outer Ring Road (Nehru Place),Highway,Stormy,Wet,High,9
2023-02-06,10:00,Chandni Chowk Main Road,City,Clear,Dry,Low,3
2023-02-06,13:00,Chandni Chowk Main Road,City,Clear,Dry,Low,2
2023-02-06,11:00,Hauz Khas Village Rd,City,Rain,Wet,Medium,5
2023-02-06,19:00,Hauz Khas Village Rd,City,Stormy,Wet,High,9
2023-02-06,14:00,Connaught Place Outer Circle,City,Clear,Dry,Medium,3
2023-02-06,08:00,Chandni Chowk Main Road,City,Fog,Damp,High,6
2023-02-06,02:00,Chhatarpur Farm Road,Rural,Stormy,Wet,Low,9
2023-02-06,13:00,Bawana Industrial Area,Rural,Fog,Damp,Low,9
2023-02-06,03:00,Chandni Chowk Main Road,City,Rain,Wet,Medium,6
2023-02-06,04:00,Bawana Industrial Area,Rural,Rain,Wet,Low,6
2023-02-06,18:00,DND Flyway,Highway,Fog,Damp,Low,8
2023-02-06,22:00,Chandni Chowk Main Road,City,Fog,Damp,Low,7
2023-02-06,20:00,Lajpat Nagar Market Rd,City,Clear,Dry,Medium,2
2023-02-06,12:00,Chhatarpur Farm Road,Rural,Clear,Dry,Low,2
2023-02-06,01:00,Noida-Greater Noida Expressway,Highway,Fog,Damp,Medium,6
2023-02-06,07:00,DND Flyway,Highway,Clear,Dry,Medium,4
2023-02-06,06:00,Chhatarpur Farm Road,Rural,Clear,Dry,High,2
2023-02-06,11:00,Outer Ring Road (Nehru Place),Highway,Stormy,Wet,Medium,10
2023-02-07,00:00,Outer Ring Road (Nehru Place),Highway,Clear,Dry,Medium,3
2023-02-07,15:00,Delhi-Gurgaon Expressway,Highway,Stormy,Wet,High,10
2023-02-07,09:00,DND Flyway,Highway,Clear,Dry,High,4
2023-02-07,22:00,Bawana Industrial Area,Rural,Clear,Dry,High,1
2023-02-07,20:00,Lajpat Nagar Market Rd,City,Clear,Dry,Medium,1
2023-02-07,13:00,Bawana Industrial Area,Rural,Rain,Wet,High,5
2023-02-07,07:00,Lajpat Nagar Market Rd,City,Stormy,Wet,Medium,5
2023-02-07,03:00,DND Flyway,Highway,Stormy,Wet,High,8
2023-02-07,18:00,Bawana Industrial Area,Rural,Stormy,Wet,Medium,10
2023-02-07,03:00,Hauz Khas Village Rd,City,Stormy,Wet,Low,7
2023-02-07,21:00,Delhi-Gurgaon Expressway,Highway,Fog,Damp,Medium,7
2023-02-07,17:00,Najafgarh-Dhansa Road,Rural,Rain,Wet,Medium,5
2023-02-07,10:00,Bawana Industrial Area,Rural,Clear,Dry,Medium,2
2023-02-07,12:00,Delhi-Gurgaon Expressway,Highway,Rain,Wet,Low,5
2023-02-07,23:00,Chandni Chowk Main Road,City,Rain,Wet,Low,5
2023-02-07,12:00,Lajpat Nagar Market Rd,City,Fog,Damp,High,8
2023-02-07,14:00,Connaught Place Outer Circle,City,Stormy,Wet,Medium,7
2023-02-07,02:00,Noida-Greater Noida Expressway,Highway,Stormy,Wet,Low,7
2023-02-07,20:00,Najafgarh-Dhansa Road,Rural,Clear,Dry,Low,1
2023-02-07,08:00,Najafgarh-Dhansa Road,Rural,Fog,Damp,High,10
2023-02-08,02:00,Lajpat Nagar Market Rd,City,Clear,Dry,Medium,2
2023-02-08,08:00,Noida-Greater Noida Expressway,Highway,Stormy,Wet,Medium,7
2023-02-08,15:00,Connaught Place Outer Circle,City,Clear,Dry,High,1
2023-02-08,23:00,Bawana Industrial Area,Rural,Fog,Damp,High,9
2023-02-08,07:00,Delhi-Gurgaon Expressway,Highway,Rain,Wet,Medium,7
2023-02-08,17:00,Delhi-Gurgaon Expressway,Highway,Clear,Dry,Low,2
2023-02-08,16:00,Outer Ring Road (Nehru Place),Highway,Stormy,Wet,Medium,10
2023-02-08,19:00,Najafgarh-Dhansa Road,Rural,Fog,Damp,High,8
2023-02-08,23:00,Lajpat Nagar Market Rd,City,Rain,Wet,High,4
2023-02-08,05:00,Connaught Place Outer Circle,City,Clear,Dry,Medium,1
2023-02-08,19:00,Delhi-Gurgaon Expressway,Highway,Rain,Wet,High,8
2023-02-08,03:00,Connaught Place Outer Circle,City,Clear,Dry,Low,3
2023-02-08,08:00,Connaught Place Outer Circle,City,Fog,Damp,Low,6
2023-02-08,16:00,Bawana Industrial Area,Rural,Stormy,Wet,Low,8
2023-02-08,17:00,Chandni Chowk Main Road,City,Fog,Damp,Low,7
2023-02-08,00:00,Noida-Greater Noida Expressway,Highway,Rain,Wet,Medium,6
2023-02-08,07:00,Lajpat Nagar Market Rd,City,Stormy,Wet,High,6
2023-02-08,07:00,Chandni Chowk Main Road,City,Clear,Dry,Medium,1
2023-02-08,04:00,Noida-Greater Noida Expressway,Highway,Clear,Dry,Medium,3
2023-02-08,00:00,Chhatarpur Farm Road,Rural,Stormy,Wet,Medium,8
2023-02-09,17:00,DND Flyway,Highway,Clear,Dry,High,6
2023-02-09,23:00,Delhi-Gurgaon Expressway,Highway,Fog,Damp,Low,7
2023-02-09,13:00,DND Flyway,Highway,Stormy,Wet,Low,10
2023-02-09,02:00,Chandni Chowk Main Road,City,Stormy,Wet,High,7
2023-02-09,01:00,DND Flyway,Highway,Clear,Dry,Low,3
2023-02-09,13:00,Delhi-Gurgaon Expressway,Highway,Clear,Dry,Medium,4
2023-02-09,00:00,Chandni Chowk Main Road,City,Stormy,Wet,Medium,7
2023-02-09,01:00,DND Flyway,Highway,Stormy,Wet,High,10
2023-02-09,11:00,Delhi-Gurgaon Expressway,Highway,Clear,Dry,High,6
2023-02-09,15:00,Outer Ring Road (Nehru Place),Highway,Clear,Dry,Low,4
2023-02-09,09:00,Najafgarh-Dhansa Road,Rural,Clear,Dry,Low,3
2023-02-09,18:00,Connaught Place Outer Circle,City,Rain,Wet,Medium,4
2023-02-09,22:00,Najafgarh-Dhansa Road,Rural,Rain,Wet,High,7
2023-02-09,20:00,Chhatarpur Farm Road,Rural,Stormy,Wet,Low,10
2023-02-09,02:00,Chandni Chowk Main Road,City,Rain,Wet,Low,6
2023-02-09,18:00,Chhatarpur Farm Road,Rural,Clear,Dry,Low,3
2023-02-09,01:00,Bawana Industrial Area,Rural,Fog,Damp,Medium,9
2023-02-09,04:00,Delhi-Gurgaon Expressway,Highway,Stormy,Wet,Medium,10
2023-02-09,05:00,Noida-Greater Noida Expressway,Highway,Clear,Dry,Low,4
2023-02-09,20:00,DND Flyway,Highway,Stormy,Wet,Medium,7
2023-02-10,00:00,Outer Ring Road (Nehru Place),Highway,Clear,Dry,High,4
2023-02-10,15:00,DND Flyway,Highway,Rain,Wet,Low,5
2023-02-10,14:00,Outer Ring Road (Nehru Place),Highway,Rain,Wet,Low,7
2023-02-10,17:00,Connaught Place Outer Circle,City,Fog,Damp,Medium,7
2023-02-10,11:00,Lajpat Nagar Market Rd,City,Rain,Wet,High,6
2023-02-10,12:00,Chandni Chowk Main Road,City,Rain,Wet,High,7
2023-02-10,04:00,DND Flyway,Highway,Stormy,Wet,High,8
2023-02-10,06:00,Chhatarpur Farm Road,Rural,Clear,Dry,Low,2
2023-02-10,07:00,Chhatarpur Farm Road,Rural,Stormy,Wet,Medium,8
2023-02-10,03:00,Outer Ring Road (Nehru Place),Highway,Rain,Wet,High,7
2023-02-10,11:00,Lajpat Nagar Market Rd,City,Fog,Damp,Low,5
2023-02-10,09:00,Outer Ring Road (Nehru Place),Highway,Stormy,Wet,High,10
2023-02-10,12:00,Lajpat Nagar Market Rd,City,Rain,Wet,Low,6
2023-02-10,21:00,Connaught Place Outer Circle,City,Stormy,Wet,Low,8
2023-02-10,10:00,Lajpat Nagar Market Rd,City,Rain,Wet,Medium,6
2023-02-10,09:00,Chandni Chowk Main Road,City,Stormy,Wet,High,9
2023-02-10,00:00,Noida-Greater Noida Expressway,Highway,Fog,Damp,Medium,7
2023-02-10,01:00,Lajpat Nagar Market Rd,City,Fog,Damp,Low,4
2023-02-10,18:00,DND Flyway,Highway,Clear,Dry,Low,5
2023-02-11,02:00,Outer Ring Road (Nehru Place),Highway,Clear,Dry,Medium,2
2023-02-11,02:00,Connaught Place Outer Circle,City,Stormy,Wet,Low,6
2023-02-11,11:00,Outer Ring Road (Nehru Place),Highway,Fog,Damp,High,8
2023-02-11,06:00,Lajpat Nagar Market Rd,City,Clear,Dry,Low,3
2023-02-11,23:00,Chandni Chowk Main Road,City,Stormy,Wet,Medium,7
2023-02-11,20:00,DND Flyway,Highway,Clear,Dry,Medium,4
2023-02-11,20:00,Najafgarh-Dhansa Road,Rural,Stormy,Wet,Medium,9
2023-02-11,08:00,DND Flyway,Highway,Fog,Damp,High,8
2023-02-11,21:00,Lajpat Nagar Market Rd,City,Stormy,Wet,High,8
2023-02-11,05:00,Bawana Industrial Area,Rural,Fog,Damp,High,10
2023-02-11,15:00,Connaught Place Outer Circle,City,Stormy,Wet,Low,6
2023-02-11,02:00,Delhi-Gurgaon Expressway,Highway,Clear,Dry,High,6
2023-02-11,02:00,Bawana Industrial Area,Rural,Stormy,Wet,High,9
2023-02-11,16:00,Noida-Greater Noida Expressway,Highway,Fog,Damp,High,7
2023-02-11,10:00,Najafgarh-Dhansa Road,Rural,Clear,Dry,Low,1
2023-02-11,15:00,Najafgarh-Dhansa Road,Rural,Clear,Dry,Low,3
2023-02-11,12:00,Lajpat Nagar Market Rd,City,Clear,Dry,High,2
2023-02-11,09:00,Connaught Place Outer Circle,City,Stormy,Wet,Low,5
2023-02-12,10:00,Outer Ring Road (Nehru Place),Highway,Fog,Damp,Medium,7
2023-02-12,19:00,Lajpat Nagar Market Rd,City,Fog,Damp,Low,5
2023-02-12,08:00,Chandni Chowk Main Road,City,Clear,Dry,High,3
2023-02-12,10:00,Outer Ring Road (Nehru Place),Highway,Stormy,Wet,Low,8
2023-02-12,11:00,Bawana Industrial Area,Rural,Rain,Wet,Low,4
2023-02-12,10:00,DND Flyway,Highway,Stormy,Wet,High,8
2023-02-12,03:00,Lajpat Nagar Market Rd,City,Fog,Damp,Low,5
2023-02-12,16:00,DND Flyway,Highway,Rain,Wet,Low,8
2023-02-12,17:00,Noida-Greater Noida Expressway,Highway,Clear,Dry,Low,5
2023-02-12,07:00,Outer Ring Road (Nehru Place),Highway,Fog,Damp,High,9
2023-02-12,01:00,Chandni Chowk Main Road,City,Fog,Damp,Medium,5
2023-02-12,16:00,Najafgarh-Dhansa Road,Rural,Stormy,Wet,Medium,10
2023-02-12,23:00,Lajpat Nagar Market Rd,City,Clear,Dry,Low,1
2023-02-12,20:00,Chhatarpur Farm Road,Rural,Stormy,Wet,Medium,9
2023-02-12,20:00,Chandni Chowk Main Road,City,Fog,Damp,High,6
2023-02-12,01:00,Lajpat Nagar Market Rd,City,Fog,Damp,Medium,6
2023-02-12,22:00,Hauz Khas Village Rd,City,Rain,Wet,High,4
2023-02-12,09:00,Bawana Industrial Area,Rural,Rain,Wet,Medium,3
2023-02-13,08:00,Hauz Khas Village Rd,City,Clear,Dry,High,3
2023-02-13,13:00,Chhatarpur Farm Road,Rural,Clear,Dry,Low,1
2023-02-13,07:00,Chhatarpur Farm Road,Rural,Stormy,Wet,Medium,10
2023-02-13,02:00,Noida-Greater Noida Expressway,Highway,Rain,Wet,Low,7
2023-02-13,11:00,Najafgarh-Dhansa Road,Rural,Rain,Wet,High,6
2023-02-13,21:00,Chhatarpur Farm Road,Rural,Clear,Dry,Medium,1
2023-02-13,15:00,Chhatarpur Farm Road,Rural,Stormy,Wet,High,9
2023-02-13,10:00,Outer Ring Road (Nehru Place),Highway,Stormy,Wet,High,8
2023-02-13,12:00,Outer Ring Road (Nehru Place),Highway,Rain,Wet,High,7
2023-02-13,01:00,DND Flyway,Highway,Clear,Dry,Medium,3
2023-02-13,00:00,Bawana Industrial Area,Rural,Clear,Dry,Low,3
2023-02-13,04:00,Najafgarh-Dhansa Road,Rural,Rain,Wet,Low,4
2023-02-13,23:00,Najafgarh-Dhansa Road,Rural,Stormy,Wet,High,9
2023-02-13,03:00,Bawana Industrial Area,Rural,Clear,Dry,Medium,1
2023-02-13,22:00,Lajpat Nagar Market Rd,City,Clear,Dry,Low,1
2023-02-13,18:00,Chhatarpur Farm Road,Rural,Clear,Dry,Medium,1
2023-02-13,22:00,Lajpat Nagar Market Rd,City,Stormy,Wet,High,7
2023-02-13,12:00,DND Flyway,Highway,Stormy,Wet,Medium,7
2023-02-13,00:00,Najafgarh-Dhansa Road,Rural,Rain,Wet,High,5
2023-02-13,09:00,Chandni Chowk Main Road,City,Stormy,Wet,Medium,8
2023-02-14,06:00,Lajpat Nagar Market Rd,City,Fog,Damp,Medium,7
2023-02-14,17:00,Chandni Chowk Main Road,City,Fog,Damp,High,7
2023-02-14,03:00,Outer Ring Road (Nehru Place),Highway,Rain,Wet,High,6
2023-02-14,11:00,Chandni Chowk Main Road,City,Stormy,Wet,Medium,7
2023-02-14,22:00,Lajpat Nagar Market Rd,City,Rain,Wet,High,5
2023-02-14,03:00,DND Flyway,Highway,Clear,Dry,Medium,3
2023-02-14,03:00,Delhi-Gurgaon Expressway,Highway,Rain,Wet,High,9
2023-02-14,13:00,Outer Ring Road (Nehru Place),Highway,Rain,Wet,Low,6
2023-02-14,09:00,Lajpat Nagar Market Rd,City,Rain,Wet,Medium,5
2023-02-14,01:00,Hauz Khas Village Rd,City,Rain,Wet,Medium,5
2023-02-14,16:00,Chandni Chowk Main Road,City,Fog,Damp,High,8
2023-02-14,00:00,Najafgarh-Dhansa Road,Rural,Clear,Dry,High,1
2023-02-14,00:00,Delhi-Gurgaon Expressway,Highway,Fog,Damp,Medium,6
2023-02-14,04:00,Hauz Khas Village Rd,City,Fog,Damp,High,7
2023-02-14,18:00,DND Flyway,Highway,Stormy,Wet,High,9
2023-02-14,13:00,Delhi-Gurgaon Expressway,Highway,Clear,Dry,Low,5
2023-02-14,18:00,Bawana Industrial Area,Rural,Rain,Wet,Low,4
2023-02-14,18:00,Connaught Place Outer Circle,City,Rain,Wet,Medium,5
2023-02-14,02:00,Bawana Industrial Area,Rural,Clear,Dry,Medium,1
2023-02-14,09:00,Hauz Khas Village Rd,City,Rain,Wet,High,4
2023-02-14,04:00,Noida-Greater Noida Expressway,Highway,Stormy,Wet,Medium,10
2023-02-14,17:00,Chandni Chowk Main Road,City,Rain,Wet,Medium,3
2023-02-15,21:00,Chandni Chowk Main Road,City,Stormy,Wet,Low,8
2023-02-15,11:00,Outer Ring Road (Nehru Place),Highway,Fog,Damp,High,8
2023-02-15,20:00,Lajpat Nagar Market Rd,City,Rain,Wet,Low,6
2023-02-15,10:00,Chandni Chowk Main Road,City,Stormy,Wet,Medium,6
2023-02-15,16:00,Noida-Greater Noida Expressway,Highway,Clear,Dry,Medium,3
2023-02-15,11:00,DND Flyway,Highway,Stormy,Wet,Medium,10
2023-02-15,13:00,Chhatarpur Farm Road,Rural,Rain,Wet,Low,4
2023-02-15,14:00,Connaught Place Outer Circle,City,Clear,Dry,Low,1
2023-02-15,07:00,DND Flyway,Highway,Stormy,Wet,Medium,7
2023-02-15,21:00,Chhatarpur Farm Road,Rural,Rain,Wet,Low,5
2023-02-15,20:00,Chhatarpur Farm Road,Rural,Rain,Wet,High,4
2023-02-15,05:00,Chhatarpur Farm Road,Rural,Fog,Damp,Low,8
2023-02-15,16:00,Noida-Greater Noida Expressway,Highway,Stormy,Wet,High,8
2023-02-15,13:00,Connaught Place Outer Circle,City,Fog,Damp,High,5
2023-02-15,13:00,Delhi-Gurgaon Expressway,Highway,Fog,Damp,High,10
2023-02-15,14:00,DND Flyway,Highway,Stormy,Wet,High,8
2023-02-15,17:00,Noida-Greater Noida Expressway,Highway,Rain,Wet,High,7
2023-02-16,14:00,Hauz Khas Village Rd,City,Stormy,Wet,High,6
2023-02-16,01:00,Bawana Industrial Area,Rural,Rain,Wet,Medium,4
2023-02-16,16:00,Chhatarpur Farm Road,Rural,Rain,Wet,Low,3
2023-02-16,04:00,Outer Ring Road (Nehru Place),Highway,Fog,Damp,Medium,8
2023-02-16,23:00,Chandni Chowk Main Road,City,Rain,Wet,Low,5
2023-02-16,17:00,Delhi-Gurgaon Expressway,Highway,Fog,Damp,Medium,9
2023-02-16,21:00,Bawana Industrial Area,Rural,Clear,Dry,Medium,2
2023-02-16,21:00,Hauz Khas Village Rd,City,Stormy,Wet,High,7
2023-02-16,16:00,Delhi-Gurgaon Expressway,Highway,Stormy,Wet,Medium,8
2023-02-16,18:00,Bawana Industrial Area,Rural,Fog,Damp,Low,7
2023-02-16,08:00,DND Flyway,Highway,Rain,Wet,High,7
2023-02-16,01:00,Hauz Khas Village Rd,City,Rain,Wet,Low,3
2023-02-16,19:00,Bawana Industrial Area,Rural,Stormy,Wet,Low,10
2023-02-16,09:00,Chandni Chowk Main Road,City,Rain,Wet,High,7
2023-02-16,17:00,Delhi-Gurgaon Expressway,Highway,Stormy,Wet,Low,8
2023-02-16,18:00,DND Flyway,Highway,Clear,Dry,Low,5
2023-02-16,03:00,Lajpat Nagar Market Rd,City,Rain,Wet,Low,3
2023-02-16,15:00,Lajpat Nagar Market Rd,City,Stormy,Wet,Low,6
2023-02-16,00:00,DND Flyway,Highway,Clear,Dry,Medium,4
2023-02-16,21:00,Hauz Khas Village Rd,City,Rain,Wet,Low,6
2023-02-16,20:00,Lajpat Nagar Market Rd,City,Fog,Damp,Medium,4
2023-02-16,20:00,Delhi-Gurgaon Expressway,Highway,Rain,Wet,High,7
2023-02-16,01:00,Chandni Chowk Main Road,City,Stormy,Wet,High,7
2023-02-17,22:00,Outer Ring Road (Nehru Place),Highway,Clear,Dry,Medium,5
2023-02-17,05:00,Connaught Place Outer Circle,City,Clear,Dry,High,1
2023-02-17,08:00,Delhi-Gurgaon Expressway,Highway,Clear,Dry,Low,3
2023-02-17,01:00,Chhatarpur Farm Road,Rural,Clear,Dry,High,3
2023-02-17,22:00,Noida-Greater Noida Expressway,Highway,Clear,Dry,High,4
2023-02-17,17:00,Chhatarpur Farm Road,Rural,Stormy,Wet,Medium,8
2023-02-17,18:00,Najafgarh-Dhansa Road,Rural,Rain,Wet,Medium,3
2023-02-17,19:00,Lajpat Nagar Market Rd,City,Rain,Wet,Medium,3
2023-02-17,02:00,Chandni Chowk Main Road,City,Fog,Damp,Medium,4
2023-02-17,22:00,Connaught Place Outer Circle,City,Stormy,Wet,Low,8
2023-02-17,21:00,Lajpat Nagar Market Rd,City,Rain,Wet,Medium,3
2023-02-17,13:00,Najafgarh-Dhansa Road,Rural,Stormy,Wet,High,10
2023-02-17,09:00,Chhatarpur Farm Road,Rural,Rain,Wet,High,7
2023-02-17,18:00,Lajpat Nagar Market Rd,City,Stormy,Wet,High,9
2023-02-17,04:00,Delhi-Gurgaon Expressway,Highway,Stormy,Wet,Low,8
2023-02-17,09:00,Connaught Place Outer Circle,City,Fog,Damp,Low,7
2023-02-17,16:00,Hauz Khas Village Rd,City,Rain,Wet,High,6
2023-02-17,13:00,Chandni Chowk Main Road,City,Clear,Dry,Medium,2
2023-02-17,18:00,Delhi-Gurgaon Expressway,Highway,Rain,Wet,Medium,7
2023-02-17,23:00,Hauz Khas Village Rd,City,Stormy,Wet,High,9
2023-02-18,22:00,Lajpat Nagar Market Rd,City,Fog,Damp,High,6
2023-02-18,07:00,Najafgarh-Dhansa Road,Rural,Clear,Dry,Low,3
2023-02-18,02:00,Connaught Place Outer Circle,City,Fog,Damp,Medium,7
2023-02-18,17:00,Outer Ring Road (Nehru Place),Highway,Rain,Wet,High,7
2023-02-18,04:00,Delhi-Gurgaon Expressway,Highway,Rain,Wet,Low,5
2023-02-18,04:00,Connaught Place Outer Circle,City,Stormy,Wet,Medium,8
2023-02-18,02:00,DND Flyway,Highway,Clear,Dry,High,4
2023-02-18,16:00,Chandni Chowk Main Road,City,Stormy,Wet,Medium,8
2023-02-18,22:00,Connaught Place Outer Circle,City,Clear,Dry,Medium,1
2023-02-18,14:00,Connaught Place Outer Circle,City,Stormy,Wet,High,9
2023-02-18,02:00,Lajpat Nagar Market Rd,City,Stormy,Wet,Low,8
2023-02-18,09:00,Bawana Industrial Area,Rural,Fog,Damp,High,8
2023-02-18,02:00,Chhatarpur Farm Road,Rural,Stormy,Wet,Low,10
2023-02-18,02:00,Chandni Chowk Main Road,City,Fog,Damp,Low,4
2023-02-18,13:00,Lajpat Nagar Market Rd,City,Clear,Dry,Medium,1
2023-02-18,03:00,Connaught Place Outer Circle,City,Fog,Damp,Medium,6
2023-02-18,20:00,Bawana Industrial Area,Rural,Stormy,Wet,Low,8
2023-02-18,20:00,Hauz Khas Village Rd,City,Fog,Damp,Low,7
2023-02-18,09:00,Bawana Industrial Area,Rural,Rain,Wet,Low,5
2023-02-19,21:00,DND Flyway,Highway,Clear,Dry,High,3
2023-02-19,20:00,Delhi-Gurgaon Expressway,Highway,Fog,Damp,Low,9
2023-02-19,12:00,Chhatarpur Farm Road,Rural,Stormy,Wet,Low,8
2023-02-19,15:00,Outer Ring Road (Nehru Place),Highway,Rain,Wet,Medium,7
2023-02-19,09:00,Chhatarpur Farm Road,Rural,Rain,Wet,Medium,5
2023-02-19,08:00,Outer Ring Road (Nehru Place),Highway,Rain,Wet,High,6
2023-02-19,06:00,DND Flyway,Highway,Fog,Damp,Low,9
2023-02-19,19:00,Delhi-Gurgaon Expressway,Highway,Stormy,Wet,High,9
2023-02-19,02:00,Chandni Chowk Main Road,City,Fog,Damp,High,8
2023-02-19,01:00,Najafgarh-Dhansa Road,Rural,Stormy,Wet,High,9
2023-02-19,22:00,Najafgarh-Dhansa Road,Rural,Clear,Dry,Low,1
2023-02-19,15:00,DND Flyway,Highway,Rain,Wet,Medium,7
2023-02-19,06:00,Bawana Industrial Area,Rural,Rain,Wet,High,4
2023-02-19,06:00,Chhatarpur Farm Road,Rural,Clear,Dry,Low,2
2023-02-19,06:00,Chandni Chowk Main Road,City,Rain,Wet,Low,4
2023-02-19,07:00,Hauz Khas Village Rd,City,Clear,Dry,Medium,3
2023-02-19,18:00,Bawana Industrial Area,Rural,Fog,Damp,High,10
2023-02-19,01:00,Chhatarpur Farm Road,Rural,Fog,Damp,High,8
2023-02-19,15:00,Bawana Industrial Area,Rural,Fog,Damp,Low,7
2023-02-20,23:00,Delhi-Gurgaon Expressway,Highway,Rain,Wet,Low,7
2023-02-20,07:00,Hauz Khas Village Rd,City,Rain,Wet,Low,6
2023-02-20,05:00,Noida-Greater Noida Expressway,Highway,Rain,Wet,High,7
2023-02-20,13:00,Noida-Greater Noida Expressway,Highway,Fog,Damp,Low,7
2023-02-20,02:00,Bawana Industrial Area,Rural,Clear,Dry,Medium,2
2023-02-20,07:00,Chhatarpur Farm Road,Rural,Fog,Damp,High,10
2023-02-20,13:00,Noida-Greater Noida Expressway,Highway,Rain,Wet,Medium,7
2023-02-20,23:00,Delhi-Gurgaon Expressway,Highway,Stormy,Wet,High,10
2023-02-20,21:00,Noida-Greater Noida Expressway,Highway,Fog,Damp,High,10
2023-02-20,04:00,Noida-Greater Noida Expressway,Highway,Stormy,Wet,Low,10
2023-02-20,16:00,Najafgarh-Dhansa Road,Rural,Stormy,Wet,High,10
2023-02-20,06:00,Hauz Khas Village Rd,City,Clear,Dry,Low,2
2023-02-20,23:00,Chandni Chowk Main Road,City,Rain,Wet,Low,5
2023-02-20,06:00,Lajpat Nagar Market Rd,City,Clear,Dry,High,3
2023-02-20,17:00,Delhi-Gurgaon Expressway,Highway,Fog,Damp,Low,9
2023-02-20,02:00,Delhi-Gurgaon Expressway,Highway,Stormy,Wet,Low,8
2023-02-20,11:00,Bawana Industrial Area,Rural,Stormy,Wet,High,10
2023-02-20,12:00,Hauz Khas Village Rd,City,Clear,Dry,Low,3
2023-02-21,05:00,Chhatarpur Farm Road,Rural,Fog,Damp,High,8
2023-02-21,09:00,Bawana Industrial Area,Rural,Rain,Wet,Low,6
2023-02-21,17:00,Connaught Place Outer Circle,City,Clear,Dry,Low,3
2023-02-21,14:00,Chhatarpur Farm Road,Rural,Fog,Damp,High,10
2023-02-21,23:00,Chhatarpur Farm Road,Rural,Clear,Dry,Medium,2
2023-02-21,23:00,Chhatarpur Farm Road,Rural,Fog,Damp,Low,10
2023-02-21,14:00,Outer Ring Road (Nehru Place),Highway,Rain,Wet,Medium,8
2023-02-21,15:00,Connaught Place Outer Circle,City,Rain,Wet,Medium,3
2023-02-21,19:00,Chandni Chowk Main Road,City,Clear,Dry,Low,3
2023-02-21,16:00,Noida-Greater Noida Expressway,Highway,Fog,Damp,High,8
2023-02-21,01:00,Hauz Khas Village Rd,City,Stormy,Wet,Medium,7
2023-02-21,00:00,Delhi-Gurgaon Expressway,Highway,Fog,Damp,Low,7
2023-02-21,03:00,Delhi-Gurgaon Expressway,Highway,Stormy,Wet,Low,10
2023-02-21,15:00,Noida-Greater Noida Expressway,Highway,Stormy,Wet,Low,9
2023-02-21,03:00,DND Flyway,Highway,Clear,Dry,High,6
2023-02-21,05:00,Chandni Chowk Main Road,City,Fog,Damp,Low,5
2023-02-21,21:00,Connaught Place Outer Circle,City,Rain,Wet,High,7
2023-02-21,06:00,Bawana Industrial Area,Rural,Rain,Wet,Medium,5
2023-02-22,15:00,Lajpat Nagar Market Rd,City,Clear,Dry,Low,2
2023-02-22,09:00,Outer Ring Road (Nehru Place),Highway,Clear,Dry,Medium,2
2023-02-22,18:00,Delhi-Gurgaon Expressway,Highway,Stormy,Wet,Low,9
2023-02-22,10:00,Hauz Khas Village Rd,City,Fog,Damp,Medium,6
2023-02-22,16:00,Bawana Industrial Area,Rural,Fog,Damp,Medium,9
2023-02-22,18:00,Chandni Chowk Main Road,City,Stormy,Wet,High,8
2023-02-22,17:00,Najafgarh-Dhansa Road,Rural,Fog,Damp,High,9
2023-02-22,18:00,Najafgarh-Dhansa Road,Rural,Fog,Damp,Medium,9
2023-02-22,06:00,Bawana Industrial Area,Rural,Clear,Dry,High,3
2023-02-22,14:00,Chhatarpur Farm Road,Rural,Rain,Wet,Medium,5
2023-02-22,15:00,DND Flyway,Highway,Fog,Damp,High,8
2023-02-22,06:00,Hauz Khas Village Rd,City,Stormy,Wet,Low,6
2023-02-22,23:00,Najafgarh-Dhansa Road,Rural,Rain,Wet,High,7
2023-02-22,11:00,Delhi-Gurgaon Expressway,Highway,Fog,Damp,Medium,7
2023-02-22,18:00,Noida-Greater Noida Expressway,Highway,Rain,Wet,High,9
2023-02-22,21:00,Chandni Chowk Main Road,City,Fog,Damp,Medium,4
2023-02-22,22:00,Lajpat Nagar Market Rd,City,Rain,Wet,Medium,6
2023-02-22,22:00,Chhatarpur Farm Road,Rural,Clear,Dry,Low,2
2023-02-23,17:00,Outer Ring Road (Nehru Place),Highway,Clear,Dry,Medium,3
2023-02-23,03:00,Chhatarpur Farm Road,Rural,Fog,Damp,High,10
2023-02-23,22:00,DND Flyway,Highway,Clear,Dry,High,6
2023-02-23,04:00,Chandni Chowk Main Road,City,Clear,Dry,Low,1
2023-02-23,08:00,Chandni Chowk Main Road,City,Clear,Dry,High,1
2023-02-23,10:00,Lajpat Nagar Market Rd,City,Fog,Damp,Low,7
2023-02-23,01:00,Outer Ring Road (Nehru Place),Highway,Rain,Wet,High,7
2023-02-23,04:00,Outer Ring Road (Nehru Place),Highway,Rain,Wet,High,6
2023-02-23,22:00,Chandni Chowk Main Road,City,Clear,Dry,Low,2
2023-02-23,12:00,Lajpat Nagar Market Rd,City,Fog,Damp,Low,6
2023-02-23,16:00,Chandni Chowk Main Road,City,Fog,Damp,Medium,4
2023-02-23,14:00,DND Flyway,Highway,Clear,Dry,High,3
2023-02-23,23:00,Bawana Industrial Area,Rural,Stormy,Wet,Low,9
2023-02-23,10:00,Lajpat Nagar Market Rd,City,Stormy,Wet,High,8
2023-02-23,20:00,Najafgarh-Dhansa Road,Rural,Rain,Wet,High,7
2023-02-23,04:00,Connaught Place Outer Circle,City,Fog,Damp,Medium,7
2023-02-23,03:00,Noida-Greater Noida Expressway,Highway,Rain,Wet,High,7
2023-02-23,21:00,Noida-Greater Noida Expressway,Highway,Clear,Dry,High,5
2023-02-23,16:00,Hauz Khas Village Rd,City,Fog,Damp,Low,5
2023-02-23,11:00,DND Flyway,Highway,Fog,Damp,High,8
2023-02-23,00:00,Outer Ring Road (Nehru Place),Highway,Stormy,Wet,Medium,10
2023-02-24,02:00,Noida-Greater Noida Expressway,Highway,Fog,Damp,Low,7
2023-02-24,09:00,Hauz Khas Village Rd,City,Clear,Dry,High,4
2023-02-24,05:00,Lajpat Nagar Market Rd,City,Stormy,Wet,Low,8
2023-02-24,21:00,Lajpat Nagar Market Rd,City,Stormy,Wet,Low,6
2023-02-24,06:00,Connaught Place Outer Circle,City,Clear,Dry,Low,1
2023-02-24,15:00,Chhatarpur Farm Road,Rural,Stormy,Wet,High,10
2023-02-24,12:00,Chandni Chowk Main Road,City,Clear,Dry,Low,1
2023-02-24,14:00,Delhi-Gurgaon Expressway,Highway,Rain,Wet,High,9
2023-02-24,16:00,Najafgarh-Dhansa Road,Rural,Stormy,Wet,Low,10
2023-02-24,05:00,Chhatarpur Farm Road,Rural,Fog,Damp,Medium,10
2023-02-24,10:00,Najafgarh-Dhansa Road,Rural,Clear,Dry,High,1
2023-02-24,19:00,Chhatarpur Farm Road,Rural,Fog,Damp,Low,7
2023-02-24,00:00,DND Flyway,Highway,Rain,Wet,High,7
2023-02-24,23:00,Bawana Industrial Area,Rural,Clear,Dry,Medium,1
2023-02-24,17:00,Chhatarpur Farm Road,Rural,Rain,Wet,Medium,6
2023-02-24,21:00,Noida-Greater Noida Expressway,Highway,Stormy,Wet,Low,10
2023-02-24,17:00,Najafgarh-Dhansa Road,Rural,Stormy,Wet,Medium,8
2023-02-24,16:00,Noida-Greater Noida Expressway,Highway,Fog,Damp,Low,8
2023-02-24,10:00,Najafgarh-Dhansa Road,Rural,Clear,Dry,Low,1
2023-02-24,11:00,Lajpat Nagar Market Rd,City,Rain,Wet,Low,5
2023-02-24,03:00,Najafgarh-Dhansa Road,Rural,Stormy,Wet,Medium,10
2023-02-25,06:00,Lajpat Nagar Market Rd,City,Stormy,Wet,Low,5
2023-02-25,17:00,Delhi-Gurgaon Expressway,Highway,Clear,Dry,High,5
2023-02-25,03:00,Lajpat Nagar Market Rd,City,Clear,Dry,Low,3
2023-02-25,19:00,Noida-Greater Noida Expressway,Highway,Clear,Dry,High,4
2023-02-25,18:00,Chandni Chowk Main Road,City,Clear,Dry,Low,1
2023-02-25,06:00,Chandni Chowk Main Road,City,Fog,Damp,Low,5
2023-02-25,12:00,Bawana Industrial Area,Rural,Rain,Wet,High,4
2023-02-25,09:00,Connaught Place Outer Circle,City,Rain,Wet,Medium,5
2023-02-25,11:00,Bawana Industrial Area,Rural,Rain,Wet,Medium,6
2023-02-25,23:00,Najafgarh-Dhansa Road,Rural,Stormy,Wet,High,10
2023-02-25,08:00,Delhi-Gurgaon Expressway,Highway,Clear,Dry,Medium,2
2023-02-25,22:00,Lajpat Nagar Market Rd,City,Rain,Wet,Low,5
2023-02-25,09:00,DND Flyway,Highway,Rain,Wet,Medium,7
2023-02-25,14:00,Chhatarpur Farm Road,Rural,Clear,Dry,High,4
2023-02-25,06:00,Outer Ring Road (Nehru Place),Highway,Clear,Dry,Medium,2
2023-02-25,10:00,Najafgarh-Dhansa Road,Rural,Clear,Dry,High,1
2023-02-25,21:00,Connaught Place Outer Circle,City,Rain,Wet,Medium,6
2023-02-25,18:00,Noida-Greater Noida Expressway,Highway,Stormy,Wet,Low,7
2023-02-26,09:00,Bawana Industrial Area,Rural,Stormy,Wet,Medium,9
2023-02-26,10:00,Najafgarh-Dhansa Road,Rural,Rain,Wet,Low,4
2023-02-26,19:00,Chhatarpur Farm Road,Rural,Rain,Wet,High,6
2023-02-26,10:00,Hauz Khas Village Rd,City,Fog,Damp,Low,6
2023-02-26,13:00,Outer Ring Road (Nehru Place),Highway,Clear,Dry,Medium,5
2023-02-26,00:00,Connaught Place Outer Circle,City,Clear,Dry,Medium,1
2023-02-26,11:00,Chhatarpur Farm Road,Rural,Rain,Wet,High,6
2023-02-26,16:00,Chandni Chowk Main Road,City,Stormy,Wet,High,8
2023-02-26,23:00,Bawana Industrial Area,Rural,Fog,Damp,Medium,7
2023-02-26,02:00,Noida-Greater Noida Expressway,Highway,Stormy,Wet,High,10
2023-02-26,20:00,Chandni Chowk Main Road,City,Stormy,Wet,High,6
2023-02-26,18:00,Outer Ring Road (Nehru Place),Highway,Stormy,Wet,Low,10
2023-02-26,15:00,Chhatarpur Farm Road,Rural,Rain,Wet,Medium,3
2023-02-26,16:00,Chandni Chowk Main Road,City,Fog,Damp,High,5
2023-02-26,17:00,Chhatarpur Farm Road,Rural,Fog,Damp,Low,8
2023-02-26,00:00,Chandni Chowk Main Road,City,Rain,Wet,Low,3
2023-02-26,03:00,Hauz Khas Village Rd,City,Clear,Dry,High,3
2023-02-26,20:00,Chhatarpur Farm Road,Rural,Stormy,Wet,High,9
2023-02-26,18:00,DND Flyway,Highway,Fog,Damp,Low,6
2023-02-27,01:00,Connaught Place Outer Circle,City,Rain,Wet,Medium,3
2023-02-27,18:00,Lajpat Nagar Market Rd,City,Clear,Dry,High,2
2023-02-27,06:00,Chhatarpur Farm Road,Rural,Fog,Damp,Medium,10
2023-02-27,19:00,Chandni Chowk Main Road,City,Rain,Wet,Medium,5
2023-02-27,14:00,Chandni Chowk Main Road,City,Fog,Damp,Low,6
2023-02-27,21:00,Bawana Industrial Area,Rural,Rain,Wet,Medium,6
2023-02-27,18:00,Hauz Khas Village Rd,City,Clear,Dry,High,3
2023-02-27,11:00,Bawana Industrial Area,Rural,Stormy,Wet,Low,9
2023-02-27,13:00,Connaught Place Outer Circle,City,Rain,Wet,Low,6
2023-02-27,08:00,Chandni Chowk Main Road,City,Rain,Wet,High,4
2023-02-27,17:00,DND Flyway,Highway,Fog,Damp,Medium,8
2023-02-27,23:00,Chandni Chowk Main Road,City,Rain,Wet,Medium,3
2023-02-27,13:00,Hauz Khas Village Rd,City,Fog,Damp,High,8
2023-02-27,21:00,Chhatarpur Farm Road,Rural,Stormy,Wet,Medium,8
2023-02-27,15:00,Noida-Greater Noida Expressway,Highway,Clear,Dry,High,4
2023-02-27,19:00,Noida-Greater Noida Expressway,Highway,Rain,Wet,High,8
2023-02-27,14:00,Connaught Place Outer Circle,City,Clear,Dry,Medium,1
2023-02-27,01:00,Connaught Place Outer Circle,City,Rain,Wet,Low,4
2023-02-28,04:00,Noida-Greater Noida Expressway,Highway,Rain,Wet,High,9
2023-02-28,23:00,Chhatarpur Farm Road,Rural,Clear,Dry,Low,3
2023-02-28,10:00,Chhatarpur Farm Road,Rural,Stormy,Wet,Low,10
2023-02-28,07:00,Connaught Place Outer Circle,City,Stormy,Wet,Low,5
2023-02-28,19:00,Hauz Khas Village Rd,City,Rain,Wet,Low,6
2023-02-28,11:00,Bawana Industrial Area,Rural,Clear,Dry,High,4
2023-02-28,19:00,Outer Ring Road (Nehru Place),Highway,Rain,Wet,High,9
2023-02-28,16:00,Connaught Place Outer Circle,City,Clear,Dry,Low,2
2023-02-28,06:00,Connaught Place Outer Circle,City,Clear,Dry,Low,1
2023-02-28,08:00,Chandni Chowk Main Road,City,Rain,Wet,Low,4
2023-02-28,05:00,Connaught Place Outer Circle,City,Rain,Wet,Medium,4
2023-02-28,03:00,Outer Ring Road (Nehru Place),Highway,Stormy,Wet,High,10
2023-02-28,04:00,Connaught Place Outer Circle,City,Fog,Damp,Medium,6
2023-02-28,10:00,Lajpat Nagar Market Rd,City,Fog,Damp,Low,4
2023-02-28,11:00,Najafgarh-Dhansa Road,Rural,Stormy,Wet,Low,8
2023-02-28,08:00,Outer Ring Road (Nehru Place),Highway,Rain,Wet,Medium,5
2023-02-28,23:00,Delhi-Gurgaon Expressway,Highway,Rain,Wet,High,6
2023-02-28,12:00,Hauz Khas Village Rd,City,Rain,Wet,Low,3
2023-02-28,22:00,Outer Ring Road (Nehru Place),Highway,Stormy,Wet,High,8
2023-02-28,04:00,Chhatarpur Farm Road,Rural,Clear,Dry,Medium,1
2023-03-01,00:00,Hauz Khas Village Rd,City,Rain,Wet,Medium,3
2023-03-01,06:00,Hauz Khas Village Rd,City,Fog,Damp,Low,6
2023-03-01,22:00,Najafgarh-Dhansa Road,Rural,Clear,Dry,High,2
2023-03-01,01:00,Najafgarh-Dhansa Road,Rural,Fog,Damp,Low,9
2023-03-01,11:00,Delhi-Gurgaon Expressway,Highway,Fog,Damp,Medium,9
2023-03-01,15:00,Hauz Khas Village Rd,City,Clear,Dry,Medium,3
2023-03-01,06:00,DND Flyway,Highway,Rain,Wet,Medium,7
2023-03-01,17:00,Lajpat Nagar Market Rd,City,Clear,Dry,High,1
2023-03-01,10:00,Delhi-Gurgaon Expressway,Highway,Fog,Damp,High,7
2023-03-01,10:00,Connaught Place Outer Circle,City,Clear,Dry,High,1
2023-03-01,14:00,Hauz Khas Village Rd,City,Rain,Wet,High,7
2023-03-01,21:00,Noida-Greater Noida Expressway,Highway,Fog,Damp,Low,9
2023-03-01,04:00,Hauz Khas Village Rd,City,Clear,Dry,Low,1
2023-03-01,19:00,Noida-Greater Noida Expressway,Highway,Stormy,Wet,Low,10
2023-03-01,14:00,Chhatarpur Farm Road,Rural,Rain,Wet,Low,3
2023-03-01,15:00,DND Flyway,Highway,Fog,Damp,Medium,7
2023-03-01,05:00,Outer Ring Road (Nehru Place),Highway,Fog,Damp,Medium,6
2023-03-01,17:00,Lajpat Nagar Market Rd,City,Rain,Wet,High,5
2023-03-02,01:00,Chhatarpur Farm Road,Rural,Clear,Dry,Low,2
2023-03-02,08:00,Najafgarh-Dhansa Road,Rural,Rain,Wet,Low,3
2023-03-02,06:00,Delhi-Gurgaon Expressway,Highway,Rain,Wet,Low,6
2023-03-02,18:00,DND Flyway,Highway,Fog,Damp,High,7
2023-03-02,04:00,Noida-Greater Noida Expressway,Highway,Stormy,Wet,Low,9
2023-03-02,22:00,Bawana Industrial Area,Rural,Clear,Dry,High,2
2023-03-02,23:00,Hauz Khas Village Rd,City,Clear,Dry,Medium,1
2023-03-02,12:00,Bawana Industrial Area,Rural,Rain,Wet,Low,3
2023-03-02,05:00,Delhi-Gurgaon Expressway,Highway,Stormy,Wet,Medium,9
2023-03-02,10:00,DND Flyway,Highway,Clear,Dry,Medium,3
2023-03-02,19:00,DND Flyway,Highway,Fog,Damp,High,10
2023-03-02,10:00,Chandni Chowk Main Road,City,Stormy,Wet,High,9
2023-03-02,02:00,Delhi-Gurgaon Expressway,Highway,Fog,Damp,High,7
2023-03-02,12:00,Connaught Place Outer Circle,City,Fog,Damp,Low,7
2023-03-02,17:00,Chandni Chowk Main Road,City,Clear,Dry,Low,1
2023-03-02,19:00,Chandni Chowk Main Road,City,Stormy,Wet,Medium,6
2023-03-02,08:00,DND Flyway,Highway,Rain,Wet,Medium,6
2023-03-02,06:00,Outer Ring Road (Nehru Place),Highway,Clear,Dry,Low,5
2023-03-03,01:00,Chhatarpur Farm Road,Rural,Stormy,Wet,Low,9
2023-03-03,12:00,Lajpat Nagar Market Rd,City,Rain,Wet,Low,6
2023-03-03,22:00,Lajpat Nagar Market Rd,City,Rain,Wet,Low,3
2023-03-03,00:00,Chhatarpur Farm Road,Rural,Stormy,Wet,Low,10
2023-03-03,14:00,Connaught Place Outer Circle,City,Clear,Dry,Low,3
2023-03-03,22:00,Bawana Industrial Area,Rural,Clear,Dry,Low,1
2023-03-03,23:00,Chhatarpur Farm Road,Rural,Stormy,Wet,High,10
2023-03-03,05:00,Chhatarpur Farm Road,Rural,Fog,Damp,Medium,8
2023-03-03,13:00,Bawana Industrial Area,Rural,Stormy,Wet,Low,8
2023-03-03,22:00,Noida-Greater Noida Expressway,Highway,Clear,Dry,Low,3
2023-03-03,13:00,Connaught Place Outer Circle,City,Rain,Wet,High,7
2023-03-03,18:00,DND Flyway,Highway,Fog,Damp,Low,8
2023-03-03,09:00,DND Flyway,Highway,Stormy,Wet,High,10
2023-03-03,10:00,Delhi-Gurgaon Expressway,Highway,Rain,Wet,Low,8
2023-03-03,02:00,DND Flyway,Highway,Rain,Wet,Medium,7
2023-03-03,05:00,Bawana Industrial Area,Rural,Stormy,Wet,High,10
2023-03-03,00:00,Bawana Industrial Area,Rural,Rain,Wet,High,7
2023-03-03,23:00,Bawana Industrial Area,Rural,Rain,Wet,High,6
2023-03-04,20:00,Delhi-Gurgaon Expressway,Highway,Rain,Wet,High,7
2023-03-04,13:00,DND Flyway,Highway,Stormy,Wet,High,8
2023-03-04,19:00,Hauz Khas Village Rd,City,Clear,Dry,Medium,2
2023-03-04,11:00,Outer Ring Road (Nehru Place),Highway,Rain,Wet,Low,8
2023-03-04,15:00,Delhi-Gurgaon Expressway,Highway,Stormy,Wet,High,10
2023-03-04,09:00,DND Flyway,Highway,Stormy,Wet,Low,9
2023-03-04,11:00,Outer Ring Road (Nehru Place),Highway,Clear,Dry,Medium,3
2023-03-04,19:00,Najafgarh-Dhansa Road,Rural,Fog,Damp,Low,8
2023-03-04,02:00,Bawana Industrial Area,Rural,Clear,Dry,Medium,1
2023-03-04,06:00,Najafgarh-Dhansa Road,Rural,Fog,Damp,Medium,10
2023-03-04,08:00,Connaught Place Outer Circle,City,Rain,Wet,High,6
2023-03-04,03:00,Outer Ring Road (Nehru Place),Highway,Fog,Damp,High,7
2023-03-04,09:00,Chandni Chowk Main Road,City,Stormy,Wet,Medium,7
2023-03-04,09:00,Outer Ring Road (Nehru Place),Highway,Stormy,Wet,Low,10
2023-03-04,20:00,Connaught Place Outer Circle,City,Clear,Dry,High,3
2023-03-04,02:00,Outer Ring Road (Nehru Place),Highway,Rain,Wet,High,7
2023-03-04,03:00,Delhi-Gurgaon Expressway,Highway,Stormy,Wet,High,8
2023-03-04,13:00,Noida-Greater Noida Expressway,Highway,Stormy,Wet,Low,10
2023-03-05,16:00,Noida-Greater Noida Expressway,Highway,Stormy,Wet,Low,9
2023-03-05,02:00,Najafgarh-Dhansa Road,Rural,Rain,Wet,Medium,4
2023-03-05,04:00,Hauz Khas Village Rd,City,Rain,Wet,Medium,3
2023-03-05,10:00,Bawana Industrial Area,Rural,Fog,Damp,Medium,9
2023-03-05,23:00,Hauz Khas Village Rd,City,Fog,Damp,Low,5
2023-03-05,22:00,DND Flyway,Highway,Clear,Dry,High,3
2023-03-05,17:00,DND Flyway,Highway,Fog,Damp,Low,7
2023-03-05,05:00,DND Flyway,Highway,Rain,Wet,Low,8
2023-03-05,09:00,Chhatarpur Farm Road,Rural,Stormy,Wet,Low,10
2023-03-05,06:00,Chhatarpur Farm Road,Rural,Clear,Dry,Medium,1
2023-03-05,18:00,Connaught Place Outer Circle,City,Stormy,Wet,Medium,8
2023-03-05,04:00,Hauz Khas Village Rd,City,Fog,Damp,Low,7
2023-03-05,16:00,Lajpat Nagar Market Rd,City,Fog,Damp,Medium,5
2023-03-05,01:00,Najafgarh-Dhansa Road,Rural,Fog,Damp,High,9
2023-03-05,16:00,Noida-Greater Noida Expressway,Highway,Stormy,Wet,Medium,8
2023-03-05,05:00,DND Flyway,Highway,Rain,Wet,High,9
2023-03-05,03:00,Chandni Chowk Main Road,City,Fog,Damp,Medium,4
2023-03-05,23:00,Chhatarpur Farm Road,Rural,Rain,Wet,Medium,3
2023-03-05,16:00,Delhi-Gurgaon Expressway,Highway,Rain,Wet,Medium,8
2023-03-06,05:00,Chhatarpur Farm Road,Rural,Rain,Wet,High,6
2023-03-06,19:00,Connaught Place Outer Circle,City,Stormy,Wet,Low,7
2023-03-06,18:00,Outer Ring Road (Nehru Place),Highway,Rain,Wet,Medium,7
2023-03-06,11:00,Chhatarpur Farm Road,Rural,Clear,Dry,Medium,1
2023-03-06,13:00,Najafgarh-Dhansa Road,Rural,Clear,Dry,High,3
2023-03-06,05:00,DND Flyway,Highway,Clear,Dry,High,3
2023-03-06,03:00,Noida-Greater Noida Expressway,Highway,Stormy,Wet,Low,8
2023-03-06,16:00,Chandni Chowk Main Road,City,Clear,Dry,High,1
2023-03-06,11:00,Outer Ring Road (Nehru Place),Highway,Rain,Wet,Medium,5
2023-03-06,14:00,Lajpat Nagar Market Rd,City,Stormy,Wet,High,7
2023-03-06,01:00,Chhatarpur Farm Road,Rural,Fog,Damp,High,10
2023-03-06,23:00,Noida-Greater Noida Expressway,Highway,Stormy,Wet,High,8
2023-03-06,03:00,Delhi-Gurgaon Expressway,Highway,Stormy,Wet,High,10
2023-03-06,05:00,Najafgarh-Dhansa Road,Rural,Rain,Wet,High,4
2023-03-06,06:00,Chhatarpur Farm Road,Rural,Clear,Dry,Medium,1
2023-03-06,11:00,Chhatarpur Farm Road,Rural,Clear,Dry,Low,2
2023-03-06,09:00,Chhatarpur Farm Road,Rural,Rain,Wet,High,4
2023-03-06,14:00,Bawana Industrial Area,Rural,Clear,Dry,High,3
2023-03-06,04:00,Najafgarh-Dhansa Road,Rural,Rain,Wet,High,4
2023-03-06,05:00,Connaught Place Outer Circle,City,Clear,Dry,High,4
2023-03-06,21:00,DND Flyway,Highway,Clear,Dry,Medium,3
2023-03-06,13:00,Noida-Greater Noida Expressway,Highway,Stormy,Wet,Low,10
2023-03-07,06:00,DND Flyway,Highway,Rain,Wet,High,6
2023-03-07,04:00,Connaught Place Outer Circle,City,Rain,Wet,Low,6
2023-03-07,06:00,Lajpat Nagar Market Rd,City,Stormy,Wet,Low,6
2023-03-07,15:00,Najafgarh-Dhansa Road,Rural,Clear,Dry,Medium,1
2023-03-07,19:00,Chandni Chowk Main Road,City,Clear,Dry,High,1
2023-03-07,21:00,Delhi-Gurgaon Expressway,Highway,Stormy,Wet,Medium,9
2023-03-07,08:00,Connaught Place Outer Circle,City,Rain,Wet,Medium,4
2023-03-07,05:00,Bawana Industrial Area,Rural,Rain,Wet,High,6
2023-03-07,13:00,Noida-Greater Noida Expressway,Highway,Fog,Damp,High,8
2023-03-07,19:00,Chhatarpur Farm Road,Rural,Fog,Damp,Low,8
2023-03-07,16:00,Chandni Chowk Main Road,City,Rain,Wet,High,4
2023-03-07,15:00,Noida-Greater Noida Expressway,Highway,Rain,Wet,Low,5
2023-03-07,08:00,Delhi-Gurgaon Expressway,Highway,Stormy,Wet,Medium,10
2023-03-07,18:00,Bawana Industrial Area,Rural,Rain,Wet,Medium,6
2023-03-07,13:00,DND Flyway,Highway,Rain,Wet,Medium,7
2023-03-07,23:00,Lajpat Nagar Market Rd,City,Fog,Damp,High,8
2023-03-07,14:00,Chandni Chowk Main Road,City,Clear,Dry,Medium,1
2023-03-07,06:00,Outer Ring Road (Nehru Place),Highway,Clear,Dry,High,3
2023-03-07,10:00,Najafgarh-Dhansa Road,Rural,Rain,Wet,Low,5
2023-03-07,15:00,Hauz Khas Village Rd,City,Stormy,Wet,High,9
2023-03-07,14:00,Lajpat Nagar Market Rd,City,Fog,Damp,Medium,6
2023-03-08,16:00,DND Flyway,Highway,Rain,Wet,Medium,8
2023-03-08,05:00,DND Flyway,Highway,Clear,Dry,Low,5
2023-03-08,11:00,Hauz Khas Village Rd,City,Fog,Damp,Low,7
2023-03-08,13:00,Chandni Chowk Main Road,City,Clear,Dry,High,4
2023-03-08,02:00,Lajpat Nagar Market Rd,City,Clear,Dry,High,3
2023-03-08,13:00,Connaught Place Outer Circle,City,Rain,Wet,High,7
2023-03-08,14:00,Najafgarh-Dhansa Road,Rural,Stormy,Wet,High,9
2023-03-08,17:00,Connaught Place Outer Circle,City,Clear,Dry,High,1
2023-03-08,04:00,Lajpat Nagar Market Rd,City,Clear,Dry,Medium,3
2023-03-08,23:00,Hauz Khas Village Rd,City,Rain,Wet,Low,3
2023-03-08,23:00,Bawana Industrial Area,Rural,Clear,Dry,Low,1
2023-03-08,10:00,Noida-Greater Noida Expressway,Highway,Rain,Wet,Low,6
2023-03-08,15:00,Najafgarh-Dhansa Road,Rural,Rain,Wet,Medium,5
2023-03-08,08:00,Hauz Khas Village Rd,City,Fog,Damp,Low,5
2023-03-08,07:00,Hauz Khas Village Rd,City,Stormy,Wet,High,6
2023-03-08,20:00,Chhatarpur Farm Road,Rural,Rain,Wet,Medium,6
2023-03-08,12:00,Hauz Khas Village Rd,City,Stormy,Wet,High,9
2023-03-08,14:00,Bawana Industrial Area,Rural,Clear,Dry,Low,1
2023-03-08,04:00,Lajpat Nagar Market Rd,City,Stormy,Wet,Medium,5
2023-03-09,11:00,Delhi-Gurgaon Expressway,Highway,Clear,Dry,Medium,5
2023-03-09,05:00,Noida-Greater Noida Expressway,Highway,Fog,Damp,High,7
2023-03-09,05:00,Bawana Industrial Area,Rural,Rain,Wet,High,4
2023-03-09,18:00,Hauz Khas Village Rd,City,Rain,Wet,Medium,5
2023-03-09,23:00,Najafgarh-Dhansa Road,Rural,Rain,Wet,Low,4
2023-03-09,18:00,Hauz Khas Village Rd,City,Stormy,Wet,Medium,8
2023-03-09,00:00,Outer Ring Road (Nehru Place),Highway,Clear,Dry,Medium,5
2023-03-09,13:00,DND Flyway,Highway,Stormy,Wet,Low,10
2023-03-09,15:00,Lajpat Nagar Market Rd,City,Fog,Damp,High,5
2023-03-09,19:00,Noida-Greater Noida Expressway,Highway,Fog,Damp,Medium,9
2023-03-09,05:00,Chandni Chowk Main Road,City,Clear,Dry,Medium,1
2023-03-09,11:00,Chhatarpur Farm Road,Rural,Fog,Damp,Medium,9
2023-03-09,10:00,Chandni Chowk Main Road,City,Stormy,Wet,Medium,8
2023-03-09,14:00,Connaught Place Outer Circle,City,Fog,Damp,High,7
2023-03-09,20:00,Noida-Greater Noida Expressway,Highway,Rain,Wet,Medium,8
2023-03-09,19:00,Lajpat Nagar Market Rd,City,Stormy,Wet,Low,5
2023-03-09,23:00,Chhatarpur Farm Road,Rural,Rain,Wet,High,4
2023-03-09,02:00,Outer Ring Road (Nehru Place),Highway,Clear,Dry,Low,3
2023-03-09,20:00,Outer Ring Road (Nehru Place),Highway,Fog,Damp,Medium,8
2023-03-09,15:00,Outer Ring Road (Nehru Place),Highway,Fog,Damp,Low,6
2023-03-09,11:00,Chhatarpur Farm Road,Rural,Clear,Dry,Low,1
2023-03-09,07:00,Bawana Industrial Area,Rural,Clear,Dry,Low,1
2023-03-10,10:00,Chandni Chowk Main Road,City,Fog,Damp,Low,4
2023-03-10,23:00,Noida-Greater Noida Expressway,Highway,Clear,Dry,Medium,3
2023-03-10,00:00,Noida-Greater Noida Expressway,Highway,Clear,Dry,Medium,3
2023-03-10,03:00,Noida-Greater Noida Expressway,Highway,Rain,Wet,Medium,7
2023-03-10,22:00,Outer Ring Road (Nehru Place),Highway,Stormy,Wet,High,10
2023-03-10,23:00,Delhi-Gurgaon Expressway,Highway,Fog,Damp,High,9
2023-03-10,23:00,Bawana Industrial Area,Rural,Fog,Damp,Low,8
2023-03-10,09:00,Hauz Khas Village Rd,City,Clear,Dry,Low,1
2023-03-10,12:00,Hauz Khas Village Rd,City,Rain,Wet,Low,5
2023-03-10,03:00,Chandni Chowk Main Road,City,Clear,Dry,High,4
2023-03-10,07:00,Najafgarh-Dhansa Road,Rural,Clear,Dry,High,4
2023-03-10,15:00,Connaught Place Outer Circle,City,Fog,Damp,High,7
2023-03-10,03:00,Noida-Greater Noida Expressway,Highway,Clear,Dry,Medium,4
2023-03-10,04:00,Noida-Greater Noida Expressway,Highway,Clear,Dry,Medium,4
2023-03-10,16:00,Outer Ring Road (Nehru Place),Highway,Clear,Dry,High,5
2023-03-10,03:00,Outer Ring Road (Nehru Place),Highway,Clear,Dry,Medium,5
2023-03-10,03:00,Najafgarh-Dhansa Road,Rural,Fog,Damp,Medium,9
2023-03-11,09:00,DND Flyway,Highway,Fog,Damp,Low,9
2023-03-11,15:00,Lajpat Nagar Market Rd,City,Rain,Wet,Medium,4
2023-03-11,09:00,Connaught Place Outer Circle,City,Rain,Wet,High,6
2023-03-11,11:00,Lajpat Nagar Market Rd,City,Stormy,Wet,Medium,6
2023-03-11,15:00,Outer Ring Road (Nehru Place),Highway,Clear,Dry,High,4
2023-03-11,14:00,Connaught Place Outer Circle,City,Clear,Dry,High,3
2023-03-11,21:00,Lajpat Nagar Market Rd,City,Rain,Wet,Medium,6
2023-03-11,21:00,Najafgarh-Dhansa Road,Rural,Fog,Damp,Medium,9
2023-03-11,06:00,Bawana Industrial Area,Rural,Rain,Wet,Medium,3
2023-03-11,23:00,Najafgarh-Dhansa Road,Rural,Clear,Dry,Medium,1
2023-03-11,04:00,DND Flyway,Highway,Stormy,Wet,Medium,10
2023-03-11,02:00,Chhatarpur Farm Road,Rural,Fog,Damp,High,10
2023-03-11,11:00,Chandni Chowk Main Road,City,Clear,Dry,Medium,1
2023-03-11,22:00,Chandni Chowk Main Road,City,Stormy,Wet,Medium,8
2023-03-11,23:00,Najafgarh-Dhansa Road,Rural,Fog,Damp,Medium,9
2023-03-11,13:00,Delhi-Gurgaon Expressway,Highway,Fog,Damp,Medium,7
2023-03-11,13:00,Najafgarh-Dhansa Road,Rural,Stormy,Wet,Low,10
2023-03-11,15:00,Noida-Greater Noida Expressway,Highway,Rain,Wet,Medium,8
2023-03-11,12:00,Hauz Khas Village Rd,City,Rain,Wet,High,5
2023-03-11,17:00,DND Flyway,Highway,Stormy,Wet,High,9
2023-03-12,05:00,Lajpat Nagar Market Rd,City,Rain,Wet,Low,6
2023-03-12,16:00,Connaught Place Outer Circle,City,Fog,Damp,Medium,4
2023-03-12,11:00,Chhatarpur Farm Road,Rural,Clear,Dry,High,4
2023-03-12,09:00,Lajpat Nagar Market Rd,City,Rain,Wet,High,6
2023-03-12,16:00,Noida-Greater Noida Expressway,Highway,Clear,Dry,Low,5
2023-03-12,04:00,Hauz Khas Village Rd,City,Stormy,Wet,Medium,5
2023-03-12,20:00,Lajpat Nagar Market Rd,City,Stormy,Wet,Medium,6
2023-03-12,03:00,Noida-Greater Noida Expressway,Highway,Clear,Dry,Low,4
2023-03-12,04:00,Najafgarh-Dhansa Road,Rural,Rain,Wet,Medium,6
2023-03-12,15:00,Bawana Industrial Area,Rural,Rain,Wet,High,5
2023-03-12,08:00,Hauz Khas Village Rd,City,Stormy,Wet,Medium,7
2023-03-12,22:00,Noida-Greater Noida Expressway,Highway,Stormy,Wet,Low,9
2023-03-12,15:00,Lajpat Nagar Market Rd,City,Fog,Damp,Medium,7
2023-03-12,02:00,Najafgarh-Dhansa Road,Rural,Fog,Damp,Low,9
2023-03-12,02:00,Chandni Chowk Main Road,City,Fog,Damp,Medium,4
2023-03-12,17:00,Chandni Chowk Main Road,City,Stormy,Wet,Medium,6
2023-03-12,21:00,Bawana Industrial Area,Rural,Clear,Dry,Medium,2
2023-03-13,05:00,DND Flyway,Highway,Fog,Damp,Medium,9
2023-03-13,20:00,Noida-Greater Noida Expressway,Highway,Clear,Dry,Medium,3
2023-03-13,11:00,Delhi-Gurgaon Expressway,Highway,Rain,Wet,Low,7
2023-03-13,11:00,Chandni Chowk Main Road,City,Fog,Damp,Medium,5
2023-03-13,13:00,Connaught Place Outer Circle,City,Fog,Damp,Low,5
2023-03-13,18:00,Bawana Industrial Area,Rural,Rain,Wet,High,7
2023-03-13,00:00,Outer Ring Road (Nehru Place),Highway,Clear,Dry,Low,2
2023-03-13,22:00,Chandni Chowk Main Road,City,Rain,Wet,Low,5
2023-03-13,13:00,Bawana Industrial Area,Rural,Clear,Dry,Low,3
2023-03-13,03:00,Bawana Industrial Area,Rural,Stormy,Wet,High,9
2023-03-13,10:00,Connaught Place Outer Circle,City,Stormy,Wet,Low,5
2023-03-13,07:00,Outer Ring Road (Nehru Place),Highway,Stormy,Wet,Medium,8
2023-03-13,10:00,DND Flyway,Highway,Stormy,Wet,Low,7
2023-03-13,11:00,Connaught Place Outer Circle,City,Clear,Dry,Medium,1
2023-03-13,14:00,Najafgarh-Dhansa Road,Rural,Fog,Damp,Low,8
2023-03-13,21:00,Outer Ring Road (Nehru Place),Highway,Fog,Damp,High,8
2023-03-13,02:00,DND Flyway,Highway,Clear,Dry,Low,2
2023-03-14,02:00,Noida-Greater Noida Expressway,Highway,Fog,Damp,High,7
2023-03-14,06:00,Chhatarpur Farm Road,Rural,Stormy,Wet,Low,10
2023-03-14,21:00,Najafgarh-Dhansa Road,Rural,Clear,Dry,Medium,1
2023-03-14,19:00,Outer Ring Road (Nehru Place),Highway,Clear,Dry,Low,4
2023-03-14,05:00,Connaught Place Outer Circle,City,Rain,Wet,High,6
2023-03-14,04:00,Outer Ring Road (Nehru Place),Highway,Stormy,Wet,Medium,10
2023-03-14,16:00,Chhatarpur Farm Road,Rural,Rain,Wet,Medium,4
2023-03-14,16:00,Chhatarpur Farm Road,Rural,Stormy,Wet,Low,9
2023-03-14,09:00,Bawana Industrial Area,Rural,Clear,Dry,Low,1
2023-03-14,05:00,Connaught Place Outer Circle,City,Rain,Wet,Medium,3
2023-03-14,17:00,Connaught Place Outer Circle,City,Fog,Damp,Medium,4
2023-03-14,12:00,Bawana Industrial Area,Rural,Fog,Damp,Low,10
2023-03-14,21:00,Noida-Greater Noida Expressway,Highway,Rain,Wet,Medium,5
2023-03-14,02:00,Bawana Industrial Area,Rural,Clear,Dry,Low,1
2023-03-14,19:00,Hauz Khas Village Rd,City,Fog,Damp,High,5
2023-03-14,23:00,Connaught Place Outer Circle,City,Stormy,Wet,High,7
2023-03-14,22:00,Chandni Chowk Main Road,City,Stormy,Wet,Low,5
2023-03-14,18:00,Chandni Chowk Main Road,City,Fog,Damp,High,5
2023-03-14,01:00,Chhatarpur Farm Road,Rural,Rain,Wet,High,6
2023-03-14,07:00,Hauz Khas Village Rd,City,Rain,Wet,Medium,4
2023-03-14,06:00,Delhi-Gurgaon Expressway,Highway,Rain,Wet,Medium,6
2023-03-15,05:00,Chhatarpur Farm Road,Rural,Stormy,Wet,Medium,8
2023-03-15,07:00,Hauz Khas Village Rd,City,Fog,Damp,Medium,5
2023-03-15,07:00,Outer Ring Road (Nehru Place),Highway,Rain,Wet,Medium,7
2023-03-15,08:00,Najafgarh-Dhansa Road,Rural,Stormy,Wet,Low,10
2023-03-15,20:00,Chhatarpur Farm Road,Rural,Fog,Damp,High,10
2023-03-15,10:00,Najafgarh-Dhansa Road,Rural,Fog,Damp,Medium,9
2023-03-15,17:00,Lajpat Nagar Market Rd,City,Clear,Dry,High,2
2023-03-15,16:00,Najafgarh-Dhansa Road,Rural,Clear,Dry,Medium,1
2023-03-15,00:00,Bawana Industrial Area,Rural,Clear,Dry,Medium,3
2023-03-15,20:00,Lajpat Nagar Market Rd,City,Fog,Damp,Medium,4
2023-03-15,04:00,Bawana Industrial Area,Rural,Stormy,Wet,Medium,8
2023-03-15,07:00,Najafgarh-Dhansa Road,Rural,Fog,Damp,Low,9
2023-03-15,11:00,Connaught Place Outer Circle,City,Rain,Wet,Low,6
2023-03-15,05:00,Lajpat Nagar Market Rd,City,Clear,Dry,Medium,1
2023-03-15,18:00,Outer Ring Road (Nehru Place),Highway,Clear,Dry,High,5
2023-03-15,08:00,Outer Ring Road (Nehru Place),Highway,Rain,Wet,High,6
2023-03-15,04:00,Connaught Place Outer Circle,City,Rain,Wet,Low,6
2023-03-16,05:00,Delhi-Gurgaon Expressway,Highway,Clear,Dry,Medium,2
2023-03-16,03:00,DND Flyway,Highway,Clear,Dry,Medium,3
2023-03-16,02:00,Outer Ring Road (Nehru Place),Highway,Clear,Dry,Low,3
2023-03-16,01:00,Outer Ring Road (Nehru Place),Highway,Fog,Damp,Low,9
2023-03-16,23:00,Delhi-Gurgaon Expressway,Highway,Rain,Wet,Low,5
2023-03-16,06:00,Chandni Chowk Main Road,City,Rain,Wet,Medium,3
2023-03-16,23:00,Bawana Industrial Area,Rural,Rain,Wet,Low,5
2023-03-16,09:00,Chhatarpur Farm Road,Rural,Fog,Damp,Low,7
2023-03-16,17:00,Connaught Place Outer Circle,City,Clear,Dry,Medium,1
2023-03-16,03:00,Najafgarh-Dhansa Road,Rural,Rain,Wet,Low,5
2023-03-16,06:00,Outer Ring Road (Nehru Place),Highway,Fog,Damp,Low,8
2023-03-16,13:00,Chhatarpur Farm Road,Rural,Stormy,Wet,Low,9
2023-03-16,19:00,Najafgarh-Dhansa Road,Rural,Clear,Dry,Low,1
2023-03-16,07:00,Lajpat Nagar Market Rd,City,Stormy,Wet,Medium,8
2023-03-16,07:00,Outer Ring Road (Nehru Place),Highway,Rain,Wet,High,9
2023-03-16,15:00,Bawana Industrial Area,Rural,Stormy,Wet,High,10
2023-03-16,21:00,Chhatarpur Farm Road,Rural,Stormy,Wet,High,10
2023-03-16,20:00,Noida-Greater Noida Expressway,Highway,Fog,Damp,Low,6
2023-03-16,04:00,Noida-Greater Noida Expressway,Highway,Rain,Wet,Low,5
2023-03-16,08:00,Hauz Khas Village Rd,City,Fog,Damp,Low,5
2023-03-17,16:00,Outer Ring Road (Nehru Place),Highway,Clear,Dry,Low,3
2023-03-17,08:00,Noida-Greater Noida Expressway,Highway,Clear,Dry,High,5
2023-03-17,17:00,Delhi-Gurgaon Expressway,Highway,Fog,Damp,High,7
2023-03-17,08:00,Bawana Industrial Area,Rural,Stormy,Wet,Medium,10
2023-03-17,19:00,Noida-Greater Noida Expressway,Highway,Stormy,Wet,Medium,9
2023-03-17,20:00,Chandni Chowk Main Road,City,Fog,Damp,High,7
2023-03-17,18:00,Lajpat Nagar Market Rd,City,Fog,Damp,Medium,4
2023-03-17,08:00,Chhatarpur Farm Road,Rural,Fog,Damp,Low,8
2023-03-17,11:00,Chandni Chowk Main Road,City,Stormy,Wet,Medium,5
2023-03-17,14:00,Chhatarpur Farm Road,Rural,Rain,Wet,Low,5
2023-03-17,16:00,Chhatarpur Farm Road,Rural,Stormy,Wet,High,10
2023-03-17,08:00,Chandni Chowk Main Road,City,Fog,Damp,High,8
2023-03-17,19:00,Najafgarh-Dhansa Road,Rural,Clear,Dry,High,4
2023-03-17,10:00,Bawana Industrial Area,Rural,Clear,Dry,Low,1
2023-03-17,15:00,Chhatarpur Farm Road,Rural,Clear,Dry,High,2
2023-03-17,13:00,Najafgarh-Dhansa Road,Rural,Rain,Wet,Medium,6
2023-03-17,06:00,Chandni Chowk Main Road,City,Rain,Wet,Medium,5
2023-03-17,19:00,Hauz Khas Village Rd,City,Rain,Wet,Low,3
2023-03-17,18:00,Delhi-Gurgaon Expressway,Highway,Clear,Dry,High,4
2023-03-18,20:00,DND Flyway,Highway,Fog,Damp,Low,7
2023-03-18,15:00,DND Flyway,Highway,Rain,Wet,High,8
2023-03-18,01:00,DND Flyway,Highway,Stormy,Wet,Medium,10
2023-03-18,23:00,Chandni Chowk Main Road,City,Clear,Dry,High,3
2023-03-18,11:00,Najafgarh-Dhansa Road,Rural,Fog,Damp,Medium,8
2023-03-18,05:00,Bawana Industrial Area,Rural,Fog,Damp,High,8
2023-03-18,19:00,Noida-Greater Noida Expressway,Highway,Stormy,Wet,High,8
2023-03-18,05:00,Connaught Place Outer Circle,City,Fog,Damp,High,5
2023-03-18,18:00,DND Flyway,Highway,Fog,Damp,High,7
2023-03-18,16:00,Outer Ring Road (Nehru Place),Highway,Fog,Damp,Low,8
2023-03-18,10:00,DND Flyway,Highway,Fog,Damp,Low,7
2023-03-18,22:00,Chandni Chowk Main Road,City,Fog,Damp,High,6
2023-03-18,21:00,Delhi-Gurgaon Expressway,Highway,Fog,Damp,High,8
2023-03-18,23:00,Outer Ring Road (Nehru Place),Highway,Rain,Wet,High,9
2023-03-18,00:00,Chhatarpur Farm Road,Rural,Clear,Dry,Low,2
2023-03-18,14:00,Chhatarpur Farm Road,Rural,Rain,Wet,Low,6
2023-03-18,08:00,Chhatarpur Farm Road,Rural,Fog,Damp,Medium,8
2023-03-18,13:00,Outer Ring Road (Nehru Place),Highway,Clear,Dry,Low,2
2023-03-19,07:00,Najafgarh-Dhansa Road,Rural,Clear,Dry,High,4
2023-03-19,12:00,DND Flyway,Highway,Stormy,Wet,High,8
2023-03-19,17:00,Chhatarpur Farm Road,Rural,Clear,Dry,Low,1
2023-03-19,23:00,Najafgarh-Dhansa Road,Rural,Clear,Dry,High,2
2023-03-19,10:00,Chhatarpur Farm Road,Rural,Rain,Wet,High,7
2023-03-19,12:00,Delhi-Gurgaon Expressway,Highway,Rain,Wet,Low,6
2023-03-19,06:00,Hauz Khas Village Rd,City,Stormy,Wet,Low,6
2023-03-19,22:00,Hauz Khas Village Rd,City,Rain,Wet,Medium,4
2023-03-19,05:00,Lajpat Nagar Market Rd,City,Clear,Dry,High,3
2023-03-19,08:00,Delhi-Gurgaon Expressway,Highway,Stormy,Wet,High,8
2023-03-19,03:00,Chandni Chowk Main Road,City,Rain,Wet,Low,3
2023-03-19,09:00,DND Flyway,Highway,Rain,Wet,High,7
2023-03-19,15:00,DND Flyway,Highway,Rain,Wet,High,7
2023-03-19,14:00,DND Flyway,Highway,Stormy,Wet,Low,7
2023-03-19,06:00,Chandni Chowk Main Road,City,Rain,Wet,High,5
2023-03-19,11:00,DND Flyway,Highway,Fog,Damp,High,8
2023-03-19,22:00,Connaught Place Outer Circle,City,Fog,Damp,High,8
2023-03-19,09:00,Delhi-Gurgaon Expressway,Highway,Fog,Damp,Medium,9
2023-03-20,14:00,Lajpat Nagar Market Rd,City,Rain,Wet,High,7
2023-03-20,11:00,Delhi-Gurgaon Expressway,Highway,Clear,Dry,Low,4
2023-03-20,14:00,Outer Ring Road (Nehru Place),Highway,Stormy,Wet,Low,9
2023-03-20,04:00,Chhatarpur Farm Road,Rural,Stormy,Wet,Medium,9
2023-03-20,09:00,Connaught Place Outer Circle,City,Stormy,Wet,Low,6
2023-03-20,12:00,Lajpat Nagar Market Rd,City,Stormy,Wet,Low,8
2023-03-20,08:00,Bawana Industrial Area,Rural,Clear,Dry,High,1
2023-03-20,22:00,DND Flyway,Highway,Stormy,Wet,High,10
2023-03-20,11:00,Lajpat Nagar Market Rd,City,Fog,Damp,Medium,5
2023-03-20,14:00,Bawana Industrial Area,Rural,Fog,Damp,Medium,10
2023-03-20,23:00,Noida-Greater Noida Expressway,Highway,Fog,Damp,Medium,9
2023-03-20,23:00,Noida-Greater Noida Expressway,Highway,Stormy,Wet,High,10
2023-03-20,02:00,Chhatarpur Farm Road,Rural,Clear,Dry,Medium,3
